"Estado","Total","Ene","Feb","Mar","Abr","May","Jun","Jul","Ago","Sep","Oct","Nov","Dic","Ano","Tipo"
"Aguascalientes",1490,74,88,126,197,204,154,119,115,130,143,79,61,"2003","General"
"BajaCalifornia",69,3,4,2,1,5,5,5,18,13,5,7,1,"2003","General"
"BajaCaliforniaSur",79,4,3,5,6,10,4,12,11,7,8,7,2,"2003","General"
"Campeche",48,3,10,6,6,4,0,7,3,2,1,2,4,"2003","General"
"Coahuila",83,0,1,3,7,5,9,26,4,19,5,1,3,"2003","General"
"Colima",10271,837,736,575,877,687,899,1119,874,943,1165,837,722,"2003","General"
"Chiapas",195,11,25,12,22,10,11,21,19,11,25,11,17,"2003","General"
"Chihuahua",466,11,9,12,27,65,62,89,54,66,49,16,6,"2003","General"
"DistritoFederal",268,16,18,25,27,25,27,30,17,24,30,15,14,"2003","General"
"Durango",5512,167,122,270,585,890,759,664,534,464,430,343,284,"2003","General"
"Guanajuato",24073,1266,1580,2104,4226,3837,2029,1626,1548,1448,1815,1253,1341,"2003","General"
"Guerrero",24204,1672,1487,1492,2104,1863,1940,2456,1780,1940,2646,2919,1905,"2003","General"
"Hidalgo",276,11,17,18,24,27,31,32,29,30,31,15,11,"2003","General"
"Jalisco",48453,3671,2774,3587,6125,5346,4472,4421,3175,3318,4782,3578,3204,"2003","General"
"Mexico",5665,273,254,253,601,544,570,424,331,428,645,633,709,"2003","General"
"Michoacan",28588,1823,1757,2218,3133,2974,2593,2750,1980,2083,3004,2451,1822,"2003","General"
"Morelos",30741,1614,1702,2411,4546,3057,2914,2830,1953,2283,3216,2418,1797,"2003","General"
"Nayarit",15052,932,636,744,1305,1156,1324,1523,1349,1521,2160,1305,1097,"2003","General"
"NuevoLeon",466,4,7,10,45,82,43,76,57,50,40,34,18,"2003","General"
"Oaxaca",4256,314,286,347,578,370,364,444,280,284,404,344,241,"2003","General"
"Puebla",15481,966,985,1290,2094,1596,1358,1496,1161,1097,1307,1182,949,"2003","General"
"Queretaro",4377,206,222,354,568,570,512,353,291,322,397,342,240,"2003","General"
"QuintanaRoo",90,1,1,6,11,3,11,4,7,12,18,6,10,"2003","General"
"SanLuisPotosi",258,4,8,16,36,34,21,30,29,35,27,11,7,"2003","General"
"Sinaloa",7525,387,308,272,470,530,700,961,954,906,1093,576,368,"2003","General"
"Sonora",11387,392,353,328,806,1541,1858,1222,1463,1064,1453,235,672,"2003","General"
"Tabasco",44,2,4,1,5,6,0,7,5,5,6,3,0,"2003","General"
"Tamaulipas",523,9,7,19,42,69,47,199,51,42,20,10,8,"2003","General"
"Tlaxcala",31,1,0,5,5,3,1,7,4,2,2,1,0,"2003","General"
"Veracruz",249,10,12,26,30,15,26,33,30,26,23,12,6,"2003","General"
"Yucatan",64,2,8,2,3,5,5,16,8,5,5,3,2,"2003","General"
"Zacatecas",2899,106,99,188,343,542,370,332,220,229,232,128,110,"2003","General"
"Total",243183,14792,13523,16727,28855,26075,23119,23334,18354,18809,25187,18777,15631,"2003","General"
"Aguascalientes",2802,74,108,217,317,334,329,255,340,263,250,195,120,"2004","General"
"BajaCalifornia",91,0,1,8,6,14,13,15,13,16,3,2,0,"2004","General"
"BajaCaliforniaSur",90,1,2,1,10,14,16,8,7,13,12,4,2,"2004","General"
"Campeche",32,1,2,4,4,1,0,5,5,4,4,1,1,"2004","General"
"Coahuila",124,7,4,4,2,12,30,14,19,8,11,11,2,"2004","General"
"Colima",10640,503,559,866,795,816,1203,916,1146,942,1153,1109,632,"2004","General"
"Chiapas",226,12,22,22,20,18,21,16,17,14,12,31,21,"2004","General"
"Chihuahua",410,5,6,20,16,49,75,65,70,50,23,24,7,"2004","General"
"DistritoFederal",348,19,10,29,31,41,46,36,46,25,32,27,6,"2004","General"
"Durango",5243,138,162,325,413,723,863,602,634,376,453,341,213,"2004","General"
"Guanajuato",23254,811,1025,2266,2947,2920,2560,1627,2057,1735,2193,2127,986,"2004","General"
"Guerrero",28921,1762,1722,2470,2154,2585,3259,2289,2685,2137,2663,3592,1603,"2004","General"
"Hidalgo",260,8,7,23,31,28,35,36,30,18,23,18,3,"2004","General"
"Jalisco",47949,2696,2441,4533,4920,5117,5576,3440,4313,3680,4413,4335,2485,"2004","General"
"Mexico",5319,224,248,456,527,627,547,399,445,391,529,661,265,"2004","General"
"Michoacan",23847,1108,1203,2187,1981,2415,2512,1729,2322,1903,2469,2710,1308,"2004","General"
"Morelos",25559,1074,1196,2675,2787,2800,3062,1922,2249,1906,2163,2488,1237,"2004","General"
"Nayarit",14642,693,644,1024,896,1069,2152,1530,1640,1535,1373,1285,801,"2004","General"
"NuevoLeon",277,4,1,8,63,28,27,15,82,25,17,6,1,"2004","General"
"Oaxaca",3988,193,209,395,345,407,454,346,427,333,308,338,233,"2004","General"
"Puebla",14855,700,722,1658,1550,1593,1609,1208,1478,997,1101,1330,909,"2004","General"
"Queretaro",3884,145,122,312,346,444,548,343,436,304,352,386,146,"2004","General"
"QuintanaRoo",88,5,9,11,9,11,13,8,6,9,4,2,1,"2004","General"
"SanLuisPotosi",325,6,8,23,35,31,47,45,54,26,24,16,10,"2004","General"
"Sinaloa",8163,292,278,514,428,666,1094,832,1261,1008,836,602,352,"2004","General"
"Sonora",5619,82,86,245,311,707,1163,1042,798,532,405,168,80,"2004","General"
"Tabasco",28,2,0,10,1,5,2,5,1,0,0,2,0,"2004","General"
"Tamaulipas",386,8,8,20,28,31,36,32,46,45,111,14,7,"2004","General"
"Tlaxcala",47,0,1,2,3,2,2,6,3,7,20,1,0,"2004","General"
"Veracruz",215,2,15,26,22,28,28,14,27,14,16,15,8,"2004","General"
"Yucatan",33,0,4,5,4,0,2,4,3,2,7,1,1,"2004","General"
"Zacatecas",2534,97,72,189,240,281,388,230,257,223,248,210,99,"2004","General"
"Total",230199,10672,10897,20548,21242,23817,27712,19034,22917,18541,21228,22052,11539,"2004","General"
"Aguascalientes",1761,55,92,114,206,289,182,165,186,170,132,117,53,"2005","General"
"BajaCalifornia",149,5,3,5,8,15,13,20,33,23,8,9,7,"2005","General"
"BajaCaliforniaSur",119,1,9,5,4,19,17,14,21,14,6,7,2,"2005","General"
"Campeche",36,5,6,7,3,2,2,2,4,1,2,2,0,"2005","General"
"Coahuila",135,4,4,4,5,18,33,24,26,10,4,3,0,"2005","General"
"Colima",9726,655,692,648,745,772,782,852,973,887,1124,1009,587,"2005","General"
"Chiapas",286,16,20,31,21,41,29,20,25,16,21,25,21,"2005","General"
"Chihuahua",325,8,8,16,22,54,27,22,67,48,29,19,5,"2005","General"
"DistritoFederal",394,26,19,40,34,42,31,41,51,25,36,24,25,"2005","General"
"Durango",5775,213,174,234,538,972,847,658,626,489,450,372,202,"2005","General"
"Guanajuato",26419,879,1506,1937,3435,4180,2956,1944,2175,1906,2027,2076,1398,"2005","General"
"Guerrero",33154,1759,1900,2560,2760,3282,2646,2717,3252,2672,3417,4008,2181,"2005","General"
"Hidalgo",250,5,9,14,28,33,24,22,51,22,21,13,8,"2005","General"
"Jalisco",50313,2626,2685,4173,5265,6706,4670,4097,4352,4127,4459,4481,2672,"2005","General"
"Mexico",5757,266,270,455,638,650,622,423,442,464,537,644,346,"2005","General"
"Michoacan",27036,1260,1343,1943,2457,2959,2468,2123,2419,2334,2804,3253,1673,"2005","General"
"Morelos",31559,1074,1659,2806,3477,3851,2673,2431,2620,2465,3737,3260,1506,"2005","General"
"Nayarit",13466,638,711,857,910,1345,1116,1293,1578,1239,1593,1470,716,"2005","General"
"NuevoLeon",122,2,2,5,9,10,14,25,14,14,10,13,4,"2005","General"
"Oaxaca",4692,194,285,453,448,549,370,388,483,395,374,474,279,"2005","General"
"Puebla",16575,785,1001,1807,1944,1970,1403,1276,1480,1219,1311,1419,960,"2005","General"
"Queretaro",3773,171,180,244,404,545,474,302,305,370,324,277,177,"2005","General"
"QuintanaRoo",142,7,8,16,10,11,16,12,16,14,13,10,9,"2005","General"
"SanLuisPotosi",323,13,10,25,31,50,28,46,56,27,21,14,2,"2005","General"
"Sinaloa",6785,283,294,381,459,587,547,681,1017,881,738,641,276,"2005","General"
"Sonora",5248,71,78,187,317,705,810,738,792,668,468,251,163,"2005","General"
"Tabasco",38,0,3,0,3,15,4,3,3,2,3,2,0,"2005","General"
"Tamaulipas",307,11,5,17,33,56,36,31,39,29,26,18,6,"2005","General"
"Tlaxcala",37,0,2,5,0,3,7,3,4,6,6,1,0,"2005","General"
"Veracruz",179,6,12,14,26,30,14,15,19,12,15,13,3,"2005","General"
"Yucatan",58,2,1,2,1,3,8,3,11,7,12,3,5,"2005","General"
"Zacatecas",3037,109,121,145,278,492,329,325,340,287,226,243,142,"2005","General"
"Total",247976,11149,13112,19150,24519,30256,23198,20716,23480,20843,23954,24171,13428,"2005","General"
"Aguascalientes",2000,108,84,166,314,291,181,160,208,175,156,90,67,"2006","General"
"BajaCalifornia",120,6,3,1,6,9,6,25,20,20,17,6,1,"2006","General"
"BajaCaliforniaSur",144,1,4,10,9,14,13,23,23,19,14,10,4,"2006","General"
"Campeche",35,1,3,2,1,1,4,3,5,4,8,2,1,"2006","General"
"Coahuila",148,1,3,6,7,16,25,19,24,24,16,5,2,"2006","General"
"Colima",10343,847,611,707,846,1034,924,812,1067,1045,1095,857,498,"2006","General"
"Chiapas",211,19,14,25,18,21,14,17,21,16,15,16,15,"2006","General"
"Chihuahua",349,12,12,14,26,61,42,36,54,35,31,22,4,"2006","General"
"DistritoFederal",449,32,15,31,46,76,53,33,36,43,35,22,27,"2006","General"
"Durango",6070,172,242,366,661,994,797,639,643,532,488,292,244,"2006","General"
"Guanajuato",31909,1919,1706,2908,4523,5031,2981,2340,2876,2245,2765,1536,1079,"2006","General"
"Guerrero",41725,2714,2556,3098,3438,4521,3792,3092,3777,3294,4672,4054,2717,"2006","General"
"Hidalgo",255,11,16,16,23,23,22,30,47,22,20,16,9,"2006","General"
"Jalisco",59662,3872,3733,4823,6437,7456,5237,4409,5293,4654,6272,4614,2862,"2006","General"
"Mexico",6711,322,353,460,626,936,562,405,575,577,774,695,426,"2006","General"
"Michoacan",31799,2096,1906,2507,3098,3962,3022,2204,2818,2366,3458,2580,1782,"2006","General"
"Morelos",31787,1748,1896,2556,3286,4455,2849,2288,3101,2619,3242,2199,1548,"2006","General"
"Nayarit",14701,720,743,827,976,1363,1338,1433,1826,1458,1984,1201,832,"2006","General"
"NuevoLeon",175,4,2,2,31,21,14,15,31,27,23,4,1,"2006","General"
"Oaxaca",4980,355,373,437,590,673,425,361,477,295,423,299,272,"2006","General"
"Puebla",17352,1191,1328,1531,1876,2099,1345,1277,1514,1193,1786,1221,991,"2006","General"
"Queretaro",4275,231,227,320,434,551,459,317,385,339,490,253,269,"2006","General"
"QuintanaRoo",137,8,6,12,12,16,19,16,15,15,13,2,3,"2006","General"
"SanLuisPotosi",397,18,9,20,36,61,58,39,73,38,28,10,7,"2006","General"
"Sinaloa",7683,268,255,254,374,790,672,714,1022,1054,1205,659,416,"2006","General"
"Sonora",4643,94,150,135,326,635,721,676,752,493,403,167,91,"2006","General"
"Tabasco",27,2,0,2,4,3,2,0,5,4,2,3,0,"2006","General"
"Tamaulipas",326,9,9,16,34,37,42,42,56,39,30,8,4,"2006","General"
"Tlaxcala",39,2,6,3,6,8,3,2,4,1,1,1,2,"2006","General"
"Veracruz",254,13,11,20,31,20,8,37,43,31,23,8,9,"2006","General"
"Yucatan",62,6,5,6,4,7,10,1,13,1,3,3,3,"2006","General"
"Zacatecas",3830,185,187,290,462,573,373,361,455,290,312,174,168,"2006","General"
"Total",282598,16987,16468,21571,28561,35758,26013,21826,27259,22968,29804,21029,14354,"2006","General"
"Aguascalientes",1933,78,87,150,254,276,221,199,155,158,175,112,68,"2007","General"
"BajaCalifornia",140,1,1,2,4,7,17,35,29,23,17,3,1,"2007","General"
"BajaCaliforniaSur",134,4,3,4,10,16,16,20,19,25,9,6,2,"2007","General"
"Campeche",44,6,2,5,4,2,2,5,6,3,4,3,2,"2007","General"
"Coahuila",185,2,5,6,13,15,19,43,45,21,12,3,1,"2007","General"
"Colima",9874,785,583,617,777,669,766,1053,873,924,1293,803,731,"2007","General"
"Chiapas",306,26,19,23,25,25,28,26,20,29,30,29,26,"2007","General"
"Chihuahua",390,16,8,17,29,45,61,53,60,45,34,12,10,"2007","General"
"DistritoFederal",462,30,30,35,55,54,55,56,34,21,48,30,14,"2007","General"
"Durango",6536,193,247,386,747,1085,914,831,587,515,556,304,171,"2007","General"
"Guanajuato",32288,1897,1324,2844,5462,5301,3306,2906,2054,1984,2505,1518,1187,"2007","General"
"Guerrero",38672,2918,2209,2748,3856,3212,3431,3710,2667,3189,4351,3906,2475,"2007","General"
"Hidalgo",150,4,2,6,22,20,14,17,13,22,17,4,9,"2007","General"
"Jalisco",55886,3541,2955,4771,7029,6292,5537,5275,4205,4543,5571,3661,2506,"2007","General"
"Mexico",6435,422,301,431,701,746,620,562,444,522,730,582,374,"2007","General"
"Michoacan",27581,1876,1503,1983,2792,2731,2508,2534,2250,2418,3259,2288,1439,"2007","General"
"Morelos",32353,2118,1993,2643,4508,3422,2866,3035,2447,2496,3140,2144,1541,"2007","General"
"Nayarit",15908,987,753,895,1366,1229,1666,1962,1522,1658,1919,1169,782,"2007","General"
"NuevoLeon",204,3,8,7,27,34,22,22,30,29,10,8,4,"2007","General"
"Oaxaca",5517,401,375,431,656,540,494,555,408,375,556,398,328,"2007","General"
"Puebla",14893,1182,779,948,1898,1505,1291,1516,1247,1172,1416,1073,866,"2007","General"
"Queretaro",3668,186,188,259,476,461,373,404,287,343,303,214,174,"2007","General"
"QuintanaRoo",103,6,10,14,8,7,6,13,6,14,11,5,3,"2007","General"
"SanLuisPotosi",373,11,9,29,43,31,48,64,45,31,30,22,10,"2007","General"
"Sinaloa",7903,333,284,334,484,615,805,993,992,1084,1072,546,361,"2007","General"
"Sonora",4809,84,110,201,416,583,924,752,594,513,414,166,52,"2007","General"
"Tabasco",41,1,1,1,3,1,6,8,6,5,2,6,1,"2007","General"
"Tamaulipas",317,12,9,21,35,40,40,33,43,28,39,9,8,"2007","General"
"Tlaxcala",53,0,3,3,3,8,6,10,5,4,5,0,6,"2007","General"
"Veracruz",335,19,14,33,28,26,35,26,44,49,29,14,18,"2007","General"
"Yucatan",69,5,4,11,6,8,3,5,13,5,6,2,1,"2007","General"
"Zacatecas",3878,149,109,255,500,532,452,465,364,357,394,187,114,"2007","General"
"Total",271440,17296,13928,20113,32237,29538,26552,27188,21514,22605,27957,19227,13285,"2007","General"
"Aguascalientes",1986,84,97,85,300,243,255,192,125,242,157,109,97,"2008","General"
"BajaCalifornia",155,3,1,1,9,8,9,35,24,41,9,8,7,"2008","General"
"BajaCaliforniaSur",120,3,2,6,14,12,8,17,16,17,12,9,4,"2008","General"
"Campeche",125,62,6,4,6,5,10,7,2,11,3,4,5,"2008","General"
"Coahuila",185,3,2,5,14,18,36,30,22,20,15,9,11,"2008","General"
"Colima",10361,682,568,615,930,806,768,1174,919,1054,994,898,953,"2008","General"
"Chiapas",391,27,31,22,43,42,35,35,28,33,31,33,31,"2008","General"
"Chihuahua",413,6,11,16,42,35,51,62,58,67,38,15,12,"2008","General"
"DistritoFederal",481,29,28,29,64,45,50,52,34,41,40,41,28,"2008","General"
"Durango",6254,133,261,309,628,728,921,803,678,617,454,356,366,"2008","General"
"Guanajuato",28632,1281,1583,2041,4776,4384,3521,2784,1814,2453,1686,1007,1302,"2008","General"
"Guerrero",40141,2344,2479,2441,3998,3328,3526,3959,2981,3847,3733,3802,3703,"2008","General"
"Hidalgo",228,12,10,11,32,23,32,34,19,17,16,13,9,"2008","General"
"Jalisco",54177,2965,3210,3723,6910,5980,5579,5130,3646,4975,4690,3620,3749,"2008","General"
"Mexico",8119,350,343,372,817,740,765,807,561,823,960,862,719,"2008","General"
"Michoacan",30701,1590,1746,1841,3389,3071,2828,2837,2313,2961,2869,2750,2506,"2008","General"
"Morelos",30720,1523,1744,2195,4357,3454,2974,2760,1975,2726,2592,2205,2215,"2008","General"
"Nayarit",15128,736,646,664,1297,1210,1452,1853,1287,1937,1640,1250,1156,"2008","General"
"NuevoLeon",233,4,5,7,21,26,32,30,42,33,18,6,9,"2008","General"
"Oaxaca",5847,333,397,416,711,591,546,561,468,446,460,406,512,"2008","General"
"Puebla",15443,758,1008,1297,2080,1617,1445,1427,1091,1266,1265,1007,1182,"2008","General"
"Queretaro",4228,134,178,172,573,483,566,426,336,437,445,236,242,"2008","General"
"QuintanaRoo",86,5,4,5,15,8,8,8,6,20,2,3,2,"2008","General"
"SanLuisPotosi",353,16,10,23,44,25,47,55,46,44,16,7,20,"2008","General"
"Sinaloa",8487,251,243,273,493,599,742,1133,923,1217,1126,813,674,"2008","General"
"Sonora",4248,91,60,111,337,405,634,740,513,553,409,215,180,"2008","General"
"Tabasco",53,2,7,4,5,5,5,5,9,4,3,4,0,"2008","General"
"Tamaulipas",307,3,4,15,38,35,35,46,39,43,17,24,8,"2008","General"
"Tlaxcala",52,0,3,2,4,4,7,14,10,3,1,1,3,"2008","General"
"Veracruz",242,7,23,25,36,30,18,23,16,20,19,13,12,"2008","General"
"Yucatan",63,2,6,6,9,3,9,5,6,9,2,6,0,"2008","General"
"Zacatecas",4017,153,162,172,458,395,509,514,309,502,326,233,284,"2008","General"
"Total",271976,13592,14878,16908,32450,28358,27423,27558,20316,26479,24048,19965,20001,"2008","General"
"Aguascalientes",1912,75,106,204,191,182,239,152,183,181,171,116,112,"2009","General"
"BajaCalifornia",204,2,2,5,6,19,30,41,35,46,12,4,2,"2009","General"
"BajaCaliforniaSur",99,5,2,7,5,13,14,10,6,18,7,6,6,"2009","General"
"Campeche",87,4,10,10,4,3,4,7,9,16,8,8,4,"2009","General"
"Coahuila",205,0,4,12,26,17,20,27,44,42,10,1,2,"2009","General"
"Colima",10182,683,595,795,670,850,1001,938,798,1090,1012,884,866,"2009","General"
"Chiapas",385,19,44,21,26,32,39,29,33,46,27,28,41,"2009","General"
"Chihuahua",405,7,13,29,27,60,66,59,43,46,35,14,6,"2009","General"
"DistritoFederal",460,28,37,28,34,48,62,59,41,39,30,24,30,"2009","General"
"Durango",5896,231,265,498,578,746,908,616,572,533,430,246,273,"2009","General"
"Guanajuato",26346,876,1333,2500,2752,3497,3387,2277,2298,2620,2015,1537,1254,"2009","General"
"Guerrero",48159,2304,2553,3830,3439,4509,5292,4166,3665,4645,4363,5209,4184,"2009","General"
"Hidalgo",196,7,10,16,22,16,25,24,19,22,18,9,8,"2009","General"
"Jalisco",56780,2781,3296,5449,5657,6072,6513,4650,4268,5544,5005,4059,3486,"2009","General"
"Mexico",9260,401,405,628,791,1296,1123,696,673,910,858,850,629,"2009","General"
"Michoacan",33751,1573,1630,2779,2732,3446,3719,2832,2771,3596,3237,2933,2503,"2009","General"
"Morelos",33415,1471,1727,3173,3518,3967,3661,2628,2558,3212,2873,2470,2157,"2009","General"
"Nayarit",15485,1021,1017,1028,971,1191,1873,1671,1411,1641,1507,1216,938,"2009","General"
"NuevoLeon",290,3,3,24,16,52,39,42,49,36,18,6,2,"2009","General"
"Oaxaca",5775,317,347,576,552,596,628,511,455,568,413,399,413,"2009","General"
"Puebla",15719,787,897,1689,1734,1668,1606,1192,1173,1418,1287,1172,1096,"2009","General"
"Queretaro",4018,123,226,365,402,525,486,377,411,390,287,209,217,"2009","General"
"QuintanaRoo",186,3,9,21,12,17,12,18,28,28,15,7,16,"2009","General"
"SanLuisPotosi",312,8,26,41,36,26,46,39,32,27,16,9,6,"2009","General"
"Sinaloa",9159,367,275,518,530,657,961,931,983,1360,996,730,851,"2009","General"
"Sonora",4483,84,64,226,279,657,811,701,542,516,295,195,113,"2009","General"
"Tabasco",46,2,3,6,6,3,9,2,4,6,0,3,2,"2009","General"
"Tamaulipas",307,7,11,22,23,31,48,43,41,45,21,10,5,"2009","General"
"Tlaxcala",63,2,0,7,8,7,9,11,4,1,5,7,2,"2009","General"
"Veracruz",300,10,23,32,24,27,35,32,44,32,21,13,7,"2009","General"
"Yucatan",43,1,3,3,2,1,6,3,2,10,6,4,2,"2009","General"
"Zacatecas",3738,125,164,311,335,437,524,404,377,369,288,210,194,"2009","General"
"Total",287666,13327,15100,24853,25408,30668,33196,25188,23572,29053,25286,22588,19427,"2009","General"
"Aguascalientes",2079,59,74,125,187,324,316,195,216,277,122,99,85,"2010","General"
"BajaCalifornia",116,1,3,3,14,16,13,13,20,10,13,9,1,"2010","General"
"BajaCaliforniaSur",83,0,0,2,4,11,15,9,11,16,4,7,4,"2010","General"
"Campeche",88,4,6,13,13,8,9,2,12,9,8,1,3,"2010","General"
"Coahuila",265,3,0,10,28,48,51,32,31,34,16,5,7,"2010","General"
"Colima",10708,666,654,829,797,833,1112,1082,1046,1334,899,808,648,"2010","General"
"Chiapas",313,30,21,27,34,23,26,22,25,24,32,21,28,"2010","General"
"Chihuahua",397,15,8,13,24,42,56,70,44,61,40,17,7,"2010","General"
"DistritoFederal",542,27,36,54,56,80,66,37,52,49,24,34,27,"2010","General"
"Durango",6965,166,159,297,536,970,1515,817,754,794,382,337,238,"2010","General"
"Guanajuato",29250,850,924,2510,3428,4997,4435,2463,2252,2781,2039,1408,1163,"2010","General"
"Guerrero",47723,3454,2925,4022,3959,4032,5741,4163,3907,4548,4268,3738,2966,"2010","General"
"Hidalgo",170,7,5,9,12,25,27,17,19,23,10,8,8,"2010","General"
"Jalisco",52248,2780,2548,4639,4840,6512,7059,4193,4381,5087,4456,3250,2503,"2010","General"
"Mexico",8279,405,358,622,720,916,1266,613,616,855,865,589,454,"2010","General"
"Michoacan",31945,1707,1667,2952,2855,3594,4043,2609,2701,3419,2750,2050,1598,"2010","General"
"Morelos",30942,1335,1420,2917,3372,3871,3952,2401,2376,3088,2798,1869,1543,"2010","General"
"Nayarit",13639,755,716,1074,942,1138,1709,1426,1470,1635,1207,849,718,"2010","General"
"NuevoLeon",194,2,1,6,17,22,40,20,32,27,12,9,6,"2010","General"
"Oaxaca",5493,319,289,542,541,539,704,468,424,503,428,391,345,"2010","General"
"Puebla",15949,836,861,1544,1848,1770,2044,1365,1285,1286,1206,909,995,"2010","General"
"Queretaro",4837,162,148,340,420,659,840,486,410,511,398,246,217,"2010","General"
"QuintanaRoo",190,3,6,14,10,27,23,21,13,25,23,14,11,"2010","General"
"SanLuisPotosi",233,5,2,23,21,32,42,30,28,15,14,10,11,"2010","General"
"Sinaloa",8816,352,365,558,560,635,979,945,1107,1355,972,595,393,"2010","General"
"Sonora",4242,52,87,157,246,421,1026,604,582,566,234,150,117,"2010","General"
"Tabasco",53,2,2,4,6,3,10,9,6,6,3,1,1,"2010","General"
"Tamaulipas",272,9,3,14,22,45,60,16,31,39,24,4,5,"2010","General"
"Tlaxcala",63,1,0,3,7,14,5,10,5,8,3,4,3,"2010","General"
"Veracruz",242,13,11,16,19,29,53,21,24,25,18,8,5,"2010","General"
"Yucatan",70,2,6,7,10,2,0,7,6,17,7,2,4,"2010","General"
"Zacatecas",3754,121,116,220,332,442,684,471,394,403,268,163,140,"2010","General"
"Total",280160,14143,13421,23566,25880,32080,37921,24637,24280,28830,23543,17605,14254,"2010","General"
"Aguascalientes",2088,80,133,210,244,218,256,179,203,167,134,160,104,"2011","General"
"BajaCalifornia",129,5,4,7,6,17,13,17,25,11,16,4,4,"2011","General"
"BajaCaliforniaSur",106,2,2,8,7,9,16,8,17,21,7,8,1,"2011","General"
"Campeche",94,10,10,9,13,8,6,9,7,8,7,5,2,"2011","General"
"Coahuila",203,0,0,6,25,26,36,21,48,18,12,10,1,"2011","General"
"Colima",11781,615,601,799,858,1055,1230,1122,1324,1190,1207,1118,662,"2011","General"
"Chiapas",363,33,21,37,25,31,28,22,40,38,38,31,19,"2011","General"
"Chihuahua",451,16,9,34,21,43,85,63,67,53,36,12,12,"2011","General"
"DistritoFederal",513,31,48,38,54,56,57,44,59,32,26,33,35,"2011","General"
"Durango",7669,199,349,588,806,1058,1529,672,989,490,376,371,242,"2011","General"
"Guanajuato",30548,951,1494,2826,4083,3874,3935,2430,2900,2455,2090,1978,1532,"2011","General"
"Guerrero",51284,2583,2770,4044,4040,4674,5739,4393,5075,4350,4513,6057,3046,"2011","General"
"Hidalgo",219,0,3,16,14,22,39,23,40,26,19,12,5,"2011","General"
"Jalisco",52214,2364,2983,4861,5492,6016,6566,4037,5002,4267,3943,4179,2504,"2011","General"
"Mexico",9781,267,340,727,894,1165,1180,763,860,945,973,1155,512,"2011","General"
"Michoacan",32106,1187,1522,2558,2901,3358,3803,2627,3313,3153,2784,3208,1692,"2011","General"
"Morelos",36611,1167,1656,3176,4160,4192,4099,3053,3804,3441,3103,3041,1719,"2011","General"
"Nayarit",13645,487,509,834,842,1079,1842,1496,1619,1476,1337,1383,741,"2011","General"
"NuevoLeon",227,1,3,7,23,26,40,23,48,26,17,11,2,"2011","General"
"Oaxaca",5409,249,353,569,516,545,613,504,519,389,327,515,310,"2011","General"
"Puebla",15239,675,926,1647,1597,1498,1659,1195,1524,1252,1089,1407,770,"2011","General"
"Queretaro",5603,168,264,494,680,657,737,470,579,495,393,433,233,"2011","General"
"QuintanaRoo",236,6,9,31,26,21,28,18,29,26,21,16,5,"2011","General"
"SanLuisPotosi",267,10,4,14,24,14,33,50,45,28,21,17,7,"2011","General"
"Sinaloa",9521,293,271,472,504,712,1055,1013,1548,1230,1137,921,365,"2011","General"
"Sonora",5592,57,71,279,416,487,1241,862,844,585,422,257,71,"2011","General"
"Tabasco",66,1,3,8,9,2,7,6,9,6,1,14,0,"2011","General"
"Tamaulipas",337,6,7,25,26,33,49,56,47,33,30,17,8,"2011","General"
"Tlaxcala",63,1,3,3,4,7,8,9,16,3,2,6,1,"2011","General"
"Veracruz",258,7,7,38,34,20,21,41,40,17,11,9,13,"2011","General"
"Yucatan",73,5,9,5,5,7,4,6,12,6,6,4,4,"2011","General"
"Zacatecas",3696,114,179,336,435,469,517,362,406,282,234,230,132,"2011","General"
"Total",296392,11590,14563,24706,28784,31399,36471,25594,31058,26519,24332,26622,14754,"2011","General"
"Aguascalientes",2295,116,95,166,243,301,265,286,177,207,248,131,60,"2012","General"
"BajaCalifornia",131,2,1,7,4,11,5,14,35,33,12,7,0,"2012","General"
"BajaCaliforniaSur",143,2,3,7,5,23,22,22,22,20,9,7,1,"2012","General"
"Campeche",82,2,14,3,3,8,14,11,10,6,3,6,2,"2012","General"
"Coahuila",231,1,3,5,23,50,27,39,38,22,15,4,4,"2012","General"
"Colima",12115,837,756,771,607,1265,1111,1446,1065,1152,1430,897,778,"2012","General"
"Chiapas",331,24,14,19,18,64,31,30,25,27,22,33,24,"2012","General"
"Chihuahua",485,10,14,23,45,73,66,75,53,66,44,11,5,"2012","General"
"DistritoFederal",455,22,26,42,35,59,47,56,38,47,32,24,27,"2012","General"
"Durango",7945,381,284,348,760,1415,1154,937,739,621,622,420,264,"2012","General"
"Guanajuato",35490,1975,2133,2455,4276,6672,3970,3336,2624,2517,3005,1366,1161,"2012","General"
"Guerrero",57922,4341,3310,4140,4181,6461,4883,5634,4336,4659,6211,6021,3745,"2012","General"
"Hidalgo",249,11,12,13,18,23,33,35,32,30,26,9,7,"2012","General"
"Jalisco",53856,3691,2946,3876,5054,7560,5577,4879,3929,4363,5732,3398,2851,"2012","General"
"Mexico",10780,602,517,750,1153,1546,888,932,812,750,1303,902,625,"2012","General"
"Michoacan",34375,2232,1931,2478,2975,4671,3145,3122,2562,2587,3724,2799,2149,"2012","General"
"Morelos",32355,2094,2094,2840,3375,4352,2783,3096,2356,2490,3311,2123,1441,"2012","General"
"Nayarit",15909,1008,734,862,1098,1646,1709,1891,1355,1511,1918,1344,833,"2012","General"
"NuevoLeon",239,6,6,7,26,29,33,28,36,29,23,9,7,"2012","General"
"Oaxaca",5410,348,346,422,450,711,502,571,422,432,494,409,303,"2012","General"
"Puebla",15342,918,1026,1268,1477,2086,1369,1376,1103,1286,1432,1121,880,"2012","General"
"Queretaro",5642,240,211,305,527,867,632,608,477,505,710,307,253,"2012","General"
"QuintanaRoo",107,9,16,19,12,7,10,7,5,8,6,6,2,"2012","General"
"SanLuisPotosi",406,13,18,36,47,54,45,52,35,52,27,20,7,"2012","General"
"Sinaloa",10550,346,346,376,545,1036,1023,1370,1189,1345,1596,805,573,"2012","General"
"Sonora",6166,175,83,215,429,1042,1192,912,664,594,512,225,123,"2012","General"
"Tabasco",76,4,6,7,5,14,4,12,7,7,4,2,4,"2012","General"
"Tamaulipas",518,10,13,26,49,75,65,80,48,74,43,24,11,"2012","General"
"Tlaxcala",58,4,1,3,6,7,7,7,8,5,7,3,0,"2012","General"
"Veracruz",269,10,21,23,30,47,19,23,24,32,16,17,7,"2012","General"
"Yucatan",59,5,11,5,2,2,5,3,7,6,11,1,1,"2012","General"
"Zacatecas",3568,149,128,222,321,536,462,481,321,291,308,222,127,"2012","General"
"Total",313559,19588,17119,21739,27799,42713,31098,31371,24554,25774,32856,22673,16275,"2012","General"
"Aguascalientes",2022,98,81,158,209,364,208,221,150,198,189,88,58,"2013","General"
"BajaCalifornia",152,1,5,3,5,13,19,30,16,32,23,5,0,"2013","General"
"BajaCaliforniaSur",61,3,3,5,4,8,5,7,6,9,4,3,4,"2013","General"
"Campeche",75,2,9,9,3,6,11,8,6,9,7,4,1,"2013","General"
"Coahuila",225,4,1,5,17,48,39,34,27,36,13,0,1,"2013","General"
"Colima",11717,912,650,707,794,1061,1001,1186,971,1102,1554,968,811,"2013","General"
"Chiapas",349,34,23,37,34,53,30,36,32,14,18,21,17,"2013","General"
"Chihuahua",397,12,9,18,26,52,50,64,45,40,55,20,6,"2013","General"
"DistritoFederal",558,37,32,32,50,70,68,77,63,41,33,32,23,"2013","General"
"Durango",9616,304,377,639,894,1627,1429,1192,887,738,752,429,348,"2013","General"
"Guanajuato",33349,1538,1975,2384,4034,5412,3721,3377,2669,2394,2891,1699,1255,"2013","General"
"Guerrero",62106,4598,3475,3481,4689,6505,5717,5726,4255,4165,7441,7819,4235,"2013","General"
"Hidalgo",237,8,15,12,26,28,25,27,26,16,28,14,12,"2013","General"
"Jalisco",54303,3466,3123,3806,5467,7542,5357,5028,4027,4017,6009,3604,2857,"2013","General"
"Mexico",11638,719,555,573,952,1649,1147,952,803,874,1442,1136,836,"2013","General"
"Michoacan",35526,2479,2165,2282,3121,4502,3435,3320,2675,2550,3755,2932,2310,"2013","General"
"Morelos",33768,1769,1971,2354,3633,4518,3107,2905,2382,2433,3761,2733,2202,"2013","General"
"Nayarit",16354,989,682,974,1084,1291,1725,2113,1483,1413,2072,1553,975,"2013","General"
"NuevoLeon",179,2,3,4,19,35,26,34,23,14,14,2,3,"2013","General"
"Oaxaca",5706,392,363,394,505,663,548,557,387,389,560,502,446,"2013","General"
"Puebla",13498,1126,1073,1107,1355,1578,1127,1229,954,888,1252,1202,607,"2013","General"
"Queretaro",5753,323,352,368,612,855,579,632,471,425,576,311,249,"2013","General"
"QuintanaRoo",124,11,6,13,10,11,10,20,14,8,9,6,6,"2013","General"
"SanLuisPotosi",378,12,13,19,28,48,39,91,53,30,22,15,8,"2013","General"
"Sinaloa",10203,516,356,364,505,814,897,1223,1134,1317,1569,909,599,"2013","General"
"Sonora",5885,159,77,207,396,985,1174,925,658,576,462,187,79,"2013","General"
"Tabasco",40,3,5,2,5,4,4,3,3,6,3,2,0,"2013","General"
"Tamaulipas",500,15,27,38,58,67,71,82,54,28,32,19,9,"2013","General"
"Tlaxcala",52,1,1,3,5,8,5,7,6,6,2,4,4,"2013","General"
"Veracruz",244,10,18,23,22,34,21,33,21,13,31,10,8,"2013","General"
"Yucatan",43,2,3,3,8,2,6,2,7,4,4,0,2,"2013","General"
"Zacatecas",4188,134,147,230,355,558,501,571,373,400,442,267,210,"2013","General"
"Total",319246,19679,17595,20254,28925,40411,32102,31712,24681,24185,35025,26496,18181,"2013","General"
"Aguascalientes",815,35,48,77,82,124,82,70,63,68,86,47,33,"2003","Hombres"
"BajaCalifornia",27,2,2,0,0,1,4,2,3,7,3,3,0,"2003","Hombres"
"BajaCaliforniaSur",40,2,2,4,3,1,2,7,6,4,6,2,1,"2003","Hombres"
"Campeche",14,1,3,1,1,1,0,3,2,0,0,2,0,"2003","Hombres"
"Coahuila",34,0,0,1,3,2,4,14,2,7,1,0,0,"2003","Hombres"
"Colima",5627,459,377,309,477,345,511,616,460,528,667,474,404,"2003","Hombres"
"Chiapas",85,4,9,7,8,5,2,11,12,5,7,7,8,"2003","Hombres"
"Chihuahua",211,5,4,7,14,30,30,48,17,25,18,8,5,"2003","Hombres"
"DistritoFederal",129,7,7,12,10,10,12,18,9,12,14,10,8,"2003","Hombres"
"Durango",2804,80,65,123,286,430,386,361,274,257,217,172,153,"2003","Hombres"
"Guanajuato",11300,658,755,957,1862,1735,975,802,744,710,907,583,612,"2003","Hombres"
"Guerrero",12324,909,740,680,1014,942,966,1247,911,960,1340,1616,999,"2003","Hombres"
"Hidalgo",120,3,11,3,8,11,14,19,11,18,13,4,5,"2003","Hombres"
"Jalisco",25076,1973,1394,1718,2998,2541,2390,2498,1699,1751,2568,1865,1681,"2003","Hombres"
"Mexico",2852,142,123,122,302,267,297,218,169,214,348,323,327,"2003","Hombres"
"Michoacan",14410,962,896,1048,1454,1407,1426,1380,1013,1076,1543,1261,944,"2003","Hombres"
"Morelos",15819,806,847,1154,2246,1558,1578,1467,1059,1139,1731,1289,945,"2003","Hombres"
"Nayarit",8417,535,376,394,657,599,707,914,796,847,1227,746,619,"2003","Hombres"
"NuevoLeon",223,2,5,3,16,41,20,39,25,27,20,16,9,"2003","Hombres"
"Oaxaca",1882,151,125,147,249,173,183,199,116,122,164,149,104,"2003","Hombres"
"Puebla",7594,486,456,623,1025,752,673,730,597,520,656,605,471,"2003","Hombres"
"Queretaro",2118,96,108,174,263,268,236,202,149,157,194,160,111,"2003","Hombres"
"QuintanaRoo",36,0,0,5,3,0,6,1,2,5,8,1,5,"2003","Hombres"
"SanLuisPotosi",120,2,5,7,18,11,6,12,16,20,15,6,2,"2003","Hombres"
"Sinaloa",3364,167,135,136,207,221,284,438,429,429,512,245,161,"2003","Hombres"
"Sonora",4711,157,154,132,326,637,790,486,642,432,593,79,283,"2003","Hombres"
"Tabasco",16,0,1,0,2,2,0,1,1,2,4,3,0,"2003","Hombres"
"Tamaulipas",229,6,5,16,30,37,28,37,28,21,8,7,6,"2003","Hombres"
"Tlaxcala",17,0,0,3,3,3,1,3,4,0,0,0,0,"2003","Hombres"
"Veracruz",104,5,7,7,17,5,7,14,13,7,12,6,4,"2003","Hombres"
"Yucatan",23,1,3,1,1,0,0,6,4,2,5,0,0,"2003","Hombres"
"Zacatecas",1482,56,49,97,161,244,193,170,130,128,122,71,61,"2003","Hombres"
"Total",122023,7712,6712,7968,13746,12403,11813,12033,9406,9500,13009,9760,7961,"2003","Hombres"
"Aguascalientes",2099,60,91,158,246,252,254,178,256,192,179,146,87,"2004","Hombres"
"BajaCalifornia",41,0,1,4,3,6,5,5,5,9,2,1,0,"2004","Hombres"
"BajaCaliforniaSur",42,1,2,0,6,4,7,5,4,5,4,3,1,"2004","Hombres"
"Campeche",12,1,1,2,2,0,0,2,1,2,1,0,0,"2004","Hombres"
"Coahuila",70,2,4,3,1,9,17,6,10,4,4,8,2,"2004","Hombres"
"Colima",5721,300,281,435,401,409,654,511,610,560,629,588,343,"2004","Hombres"
"Chiapas",127,4,12,15,10,8,13,10,14,7,5,20,9,"2004","Hombres"
"Chihuahua",186,2,2,12,5,21,37,23,29,27,9,16,3,"2004","Hombres"
"DistritoFederal",158,9,4,9,14,20,21,21,23,10,10,14,3,"2004","Hombres"
"Durango",2672,71,86,161,186,349,440,340,322,199,234,181,103,"2004","Hombres"
"Guanajuato",10850,380,485,1043,1368,1354,1203,768,954,851,1003,979,462,"2004","Hombres"
"Guerrero",14716,956,887,1208,1054,1247,1667,1162,1325,1090,1358,1916,846,"2004","Hombres"
"Hidalgo",115,4,4,9,15,14,16,16,11,6,12,6,2,"2004","Hombres"
"Jalisco",24509,1409,1268,2176,2273,2472,3019,1818,2273,1935,2268,2253,1345,"2004","Hombres"
"Mexico",2722,104,134,226,278,305,305,215,239,198,243,338,137,"2004","Hombres"
"Michoacan",11957,585,609,1014,913,1101,1351,908,1202,937,1249,1402,686,"2004","Hombres"
"Morelos",13505,590,643,1321,1388,1471,1728,1023,1169,1036,1192,1322,622,"2004","Hombres"
"Nayarit",8205,394,406,530,448,574,1253,832,936,877,774,744,437,"2004","Hombres"
"NuevoLeon",95,3,0,4,4,10,10,6,29,13,9,6,1,"2004","Hombres"
"Oaxaca",1691,77,84,152,151,173,210,146,194,136,132,142,94,"2004","Hombres"
"Puebla",7043,364,367,724,734,747,804,592,661,481,519,615,435,"2004","Hombres"
"Queretaro",1888,78,50,148,168,206,280,168,212,147,171,187,73,"2004","Hombres"
"QuintanaRoo",45,4,5,3,4,8,6,4,4,3,3,0,1,"2004","Hombres"
"SanLuisPotosi",137,1,4,11,18,12,17,17,21,11,11,8,6,"2004","Hombres"
"Sinaloa",3855,130,113,217,206,306,519,418,601,502,384,293,166,"2004","Hombres"
"Sonora",2337,33,34,92,127,291,505,425,325,215,176,75,39,"2004","Hombres"
"Tabasco",11,0,0,5,0,0,2,3,1,0,0,0,0,"2004","Hombres"
"Tamaulipas",111,5,1,6,10,10,14,13,18,18,9,4,3,"2004","Hombres"
"Tlaxcala",19,0,1,2,1,1,1,4,1,3,4,1,0,"2004","Hombres"
"Veracruz",80,1,4,16,3,5,13,9,9,5,5,8,2,"2004","Hombres"
"Yucatan",8,0,1,0,1,0,0,1,1,0,4,0,0,"2004","Hombres"
"Zacatecas",1283,46,43,96,118,148,189,113,137,116,118,117,42,"2004","Hombres"
"Total",116310,5614,5627,9802,10156,11533,14560,9762,11597,9595,10721,11393,5950,"2004","Hombres"
"Aguascalientes",853,33,36,57,97,116,88,80,95,85,74,62,30,"2005","Hombres"
"BajaCalifornia",71,2,2,3,1,6,8,13,12,12,4,5,3,"2005","Hombres"
"BajaCaliforniaSur",56,0,5,2,1,9,8,9,11,5,2,4,0,"2005","Hombres"
"Campeche",12,0,3,3,2,1,0,0,2,0,0,1,0,"2005","Hombres"
"Coahuila",71,2,4,3,1,10,19,11,14,3,3,1,0,"2005","Hombres"
"Colima",5218,353,356,345,377,367,405,483,550,500,619,545,318,"2005","Hombres"
"Chiapas",128,7,11,13,9,19,17,6,8,7,10,12,9,"2005","Hombres"
"Chihuahua",143,6,2,7,11,19,12,6,29,24,17,7,3,"2005","Hombres"
"DistritoFederal",170,10,5,20,12,15,12,23,21,14,17,13,8,"2005","Hombres"
"Durango",2789,107,87,117,267,428,406,312,312,215,241,201,96,"2005","Hombres"
"Guanajuato",12126,404,691,922,1573,1852,1317,961,1011,894,905,931,665,"2005","Hombres"
"Guerrero",16506,853,959,1240,1314,1626,1361,1359,1638,1309,1698,2037,1112,"2005","Hombres"
"Hidalgo",99,2,4,3,8,13,11,12,20,10,6,6,4,"2005","Hombres"
"Jalisco",25071,1325,1368,2040,2408,3178,2321,2198,2282,2073,2288,2236,1354,"2005","Hombres"
"Mexico",2830,129,127,208,294,314,312,242,240,228,245,324,167,"2005","Hombres"
"Michoacan",13443,639,644,957,1143,1419,1183,1141,1251,1168,1402,1622,874,"2005","Hombres"
"Morelos",15764,557,822,1347,1615,1942,1310,1300,1385,1236,1815,1667,768,"2005","Hombres"
"Nayarit",7397,366,403,448,495,654,620,767,887,700,885,778,394,"2005","Hombres"
"NuevoLeon",65,0,2,2,4,4,6,13,8,7,7,9,3,"2005","Hombres"
"Oaxaca",2030,95,123,197,200,233,162,152,197,180,170,192,129,"2005","Hombres"
"Puebla",7860,395,496,862,863,916,683,603,669,609,624,676,464,"2005","Hombres"
"Queretaro",1782,70,85,112,168,261,221,153,159,197,156,120,80,"2005","Hombres"
"QuintanaRoo",68,3,5,8,3,6,7,7,8,6,8,4,3,"2005","Hombres"
"SanLuisPotosi",131,7,7,10,7,20,11,18,22,10,14,4,1,"2005","Hombres"
"Sinaloa",3005,140,122,165,177,242,248,306,466,370,338,310,121,"2005","Hombres"
"Sonora",2255,27,35,83,159,302,339,304,344,275,206,104,77,"2005","Hombres"
"Tabasco",23,0,0,0,1,12,2,1,2,1,3,1,0,"2005","Hombres"
"Tamaulipas",125,4,1,3,16,35,9,11,10,14,15,4,3,"2005","Hombres"
"Tlaxcala",20,0,1,3,0,1,4,2,2,3,4,0,0,"2005","Hombres"
"Veracruz",76,1,7,4,10,13,4,7,6,6,11,6,1,"2005","Hombres"
"Yucatan",29,0,0,0,0,2,6,1,5,1,11,0,3,"2005","Hombres"
"Zacatecas",1488,59,64,71,134,236,155,157,168,124,112,123,85,"2005","Hombres"
"Total",121704,5596,6477,9255,11370,14271,11267,10658,11834,10286,11910,12005,6775,"2005","Hombres"
"Aguascalientes",1005,60,39,87,161,141,79,81,86,98,85,46,42,"2006","Hombres"
"BajaCalifornia",47,0,0,0,3,5,2,10,8,12,6,1,0,"2006","Hombres"
"BajaCaliforniaSur",60,0,3,6,7,4,6,9,10,7,4,3,1,"2006","Hombres"
"Campeche",7,1,1,0,0,0,0,0,0,0,5,0,0,"2006","Hombres"
"Coahuila",64,0,1,2,3,7,14,5,8,11,10,3,0,"2006","Hombres"
"Colima",5495,427,343,349,396,521,504,456,565,546,600,501,287,"2006","Hombres"
"Chiapas",96,6,5,13,6,15,7,10,11,6,8,4,5,"2006","Hombres"
"Chihuahua",165,5,8,8,13,33,18,18,21,15,15,10,1,"2006","Hombres"
"DistritoFederal",197,12,5,12,16,41,18,13,22,23,16,9,10,"2006","Hombres"
"Durango",2942,73,127,170,300,479,383,313,300,286,232,144,135,"2006","Hombres"
"Guanajuato",14810,856,768,1343,2015,2335,1393,1106,1378,1036,1316,719,545,"2006","Hombres"
"Guerrero",20870,1293,1248,1484,1638,2231,1885,1517,1842,1601,2412,2212,1507,"2006","Hombres"
"Hidalgo",119,4,9,6,9,11,7,14,26,10,11,10,2,"2006","Hombres"
"Jalisco",30194,1940,1796,2296,3051,3600,2737,2307,2739,2342,3315,2483,1588,"2006","Hombres"
"Mexico",3319,150,189,226,272,488,274,194,275,277,393,367,214,"2006","Hombres"
"Michoacan",15781,1037,919,1128,1422,1843,1550,1160,1480,1184,1726,1364,968,"2006","Hombres"
"Morelos",16064,836,915,1227,1550,2270,1455,1151,1645,1293,1683,1221,818,"2006","Hombres"
"Nayarit",7786,395,378,412,491,676,707,779,991,772,1052,653,480,"2006","Hombres"
"NuevoLeon",75,3,1,1,18,7,8,7,11,10,7,2,0,"2006","Hombres"
"Oaxaca",2152,146,161,174,265,310,193,143,204,119,183,137,117,"2006","Hombres"
"Puebla",8249,546,595,735,876,1026,658,583,704,529,890,616,491,"2006","Hombres"
"Queretaro",1939,108,86,135,188,250,236,155,185,153,218,118,107,"2006","Hombres"
"QuintanaRoo",66,6,2,8,5,4,10,7,8,7,6,1,2,"2006","Hombres"
"SanLuisPotosi",164,9,6,7,11,18,21,21,32,16,14,6,3,"2006","Hombres"
"Sinaloa",3402,109,105,107,163,276,273,361,468,496,533,310,201,"2006","Hombres"
"Sonora",1895,44,73,57,142,255,299,285,307,183,149,63,38,"2006","Hombres"
"Tabasco",8,1,0,1,2,1,0,0,2,0,0,1,0,"2006","Hombres"
"Tamaulipas",142,3,5,8,14,22,17,20,24,18,9,1,1,"2006","Hombres"
"Tlaxcala",16,1,4,0,2,3,2,1,1,0,0,1,1,"2006","Hombres"
"Veracruz",97,6,6,7,12,8,3,15,16,12,7,3,2,"2006","Hombres"
"Yucatan",26,2,3,3,3,2,3,0,4,0,2,1,3,"2006","Hombres"
"Zacatecas",1894,86,96,146,230,277,172,186,250,138,164,73,76,"2006","Hombres"
"Total",139146,8165,7897,10158,13284,17159,12934,10927,13623,11200,15071,11083,7645,"2006","Hombres"
"Aguascalientes",940,36,41,74,118,125,112,105,76,81,90,54,28,"2007","Hombres"
"BajaCalifornia",65,1,0,1,3,5,10,9,9,15,8,3,1,"2007","Hombres"
"BajaCaliforniaSur",57,1,1,2,1,7,9,12,10,11,1,2,0,"2007","Hombres"
"Campeche",14,3,1,1,0,0,1,1,3,1,2,1,0,"2007","Hombres"
"Coahuila",78,0,4,2,7,6,9,18,17,6,6,3,0,"2007","Hombres"
"Colima",5335,437,322,337,365,337,407,612,477,520,681,451,389,"2007","Hombres"
"Chiapas",143,13,9,9,14,14,12,10,8,12,18,14,10,"2007","Hombres"
"Chihuahua",191,7,5,16,12,23,31,25,24,20,18,6,4,"2007","Hombres"
"DistritoFederal",202,16,14,10,21,26,25,26,20,8,24,8,4,"2007","Hombres"
"Durango",3151,101,122,174,357,501,449,416,276,248,261,165,81,"2007","Hombres"
"Guanajuato",14840,870,595,1272,2404,2420,1584,1438,958,888,1148,684,579,"2007","Hombres"
"Guerrero",19015,1390,1070,1313,1840,1553,1727,1781,1335,1563,2138,2046,1259,"2007","Hombres"
"Hidalgo",55,1,0,0,7,10,5,6,4,7,6,1,8,"2007","Hombres"
"Jalisco",27848,1825,1515,2299,3231,2799,2887,2784,2229,2270,2743,1899,1367,"2007","Hombres"
"Mexico",3166,201,153,211,353,342,322,265,232,248,363,287,189,"2007","Hombres"
"Michoacan",13661,1004,741,940,1311,1245,1248,1303,1126,1215,1619,1163,746,"2007","Hombres"
"Morelos",16403,1087,997,1276,2251,1753,1426,1605,1235,1279,1609,1059,826,"2007","Hombres"
"Nayarit",8716,555,387,461,700,645,917,1135,836,931,1053,654,442,"2007","Hombres"
"NuevoLeon",80,1,4,4,6,13,8,14,12,12,3,1,2,"2007","Hombres"
"Oaxaca",2303,160,163,198,302,211,191,246,172,167,201,164,128,"2007","Hombres"
"Puebla",6960,530,362,450,901,724,560,744,606,539,640,491,413,"2007","Hombres"
"Queretaro",1739,89,85,115,233,223,176,205,135,169,129,107,73,"2007","Hombres"
"QuintanaRoo",51,5,4,8,3,3,2,7,4,6,6,3,0,"2007","Hombres"
"SanLuisPotosi",131,4,1,13,11,5,19,20,20,15,11,9,3,"2007","Hombres"
"Sinaloa",3619,165,121,144,200,274,350,453,449,531,498,261,173,"2007","Hombres"
"Sonora",2027,42,42,93,165,281,368,322,254,203,175,64,18,"2007","Hombres"
"Tabasco",20,1,0,0,0,1,4,4,4,3,1,2,0,"2007","Hombres"
"Tamaulipas",134,4,8,13,18,6,18,13,18,9,17,6,4,"2007","Hombres"
"Tlaxcala",26,0,0,0,1,4,5,6,5,4,0,0,1,"2007","Hombres"
"Veracruz",159,10,12,16,12,6,16,14,20,19,17,8,9,"2007","Hombres"
"Yucatan",24,2,1,6,2,1,1,0,5,2,4,0,0,"2007","Hombres"
"Zacatecas",1922,73,57,144,230,237,243,223,182,174,210,97,52,"2007","Hombres"
"Total",133075,8634,6837,9602,15079,13800,13142,13822,10761,11176,13700,9713,6809,"2007","Hombres"
"Aguascalientes",1000,36,53,37,141,137,129,92,70,118,68,60,59,"2008","Hombres"
"BajaCalifornia",69,2,1,1,6,2,5,12,13,17,5,1,4,"2008","Hombres"
"BajaCaliforniaSur",54,1,1,3,6,7,5,4,9,7,7,3,1,"2008","Hombres"
"Campeche",64,36,2,1,4,1,7,2,1,4,1,3,2,"2008","Hombres"
"Coahuila",77,0,0,4,4,8,9,14,10,10,8,5,5,"2008","Hombres"
"Colima",5588,382,297,332,490,418,394,692,484,591,523,492,493,"2008","Hombres"
"Chiapas",169,12,15,9,16,17,17,13,11,17,11,15,16,"2008","Hombres"
"Chihuahua",189,3,3,10,16,11,28,28,27,24,22,8,9,"2008","Hombres"
"DistritoFederal",212,14,15,8,26,19,25,17,13,21,18,21,15,"2008","Hombres"
"Durango",3020,46,116,152,292,354,424,356,378,296,207,196,203,"2008","Hombres"
"Guanajuato",13411,625,718,938,2161,1994,1658,1376,899,1224,776,454,588,"2008","Hombres"
"Guerrero",19643,1162,1191,1163,1812,1562,1698,1996,1456,1856,1853,1983,1911,"2008","Hombres"
"Hidalgo",103,4,6,3,11,8,13,17,9,9,8,11,4,"2008","Hombres"
"Jalisco",27280,1514,1570,1710,3226,2829,2817,2777,1980,2591,2389,1916,1961,"2008","Hombres"
"Mexico",3955,168,157,183,364,361,381,395,284,405,469,427,361,"2008","Hombres"
"Michoacan",14830,780,798,852,1518,1338,1323,1559,1172,1559,1437,1310,1184,"2008","Hombres"
"Morelos",15384,750,844,1070,2104,1736,1541,1405,989,1434,1312,1116,1083,"2008","Hombres"
"Nayarit",8248,392,341,346,647,583,799,1058,725,1107,940,699,611,"2008","Hombres"
"NuevoLeon",99,4,1,4,9,13,12,12,13,14,8,3,6,"2008","Hombres"
"Oaxaca",2516,135,162,173,329,252,235,249,196,198,195,177,215,"2008","Hombres"
"Puebla",7234,369,486,592,965,753,691,691,507,576,586,453,565,"2008","Hombres"
"Queretaro",1859,53,61,91,255,219,258,192,131,203,188,104,104,"2008","Hombres"
"QuintanaRoo",31,0,1,1,7,0,4,5,3,9,0,0,1,"2008","Hombres"
"SanLuisPotosi",114,5,3,7,11,9,21,21,8,14,9,3,3,"2008","Hombres"
"Sinaloa",3825,116,107,107,210,250,352,521,415,563,512,371,301,"2008","Hombres"
"Sonora",1656,39,26,36,142,159,241,294,203,196,154,92,74,"2008","Hombres"
"Tabasco",20,1,4,3,1,0,2,2,1,2,2,2,0,"2008","Hombres"
"Tamaulipas",125,1,3,7,17,12,12,21,10,23,4,11,4,"2008","Hombres"
"Tlaxcala",21,0,0,1,1,2,1,6,5,2,1,1,1,"2008","Hombres"
"Veracruz",93,3,10,11,13,9,5,9,5,9,8,6,5,"2008","Hombres"
"Yucatan",29,0,3,2,6,1,4,2,4,4,0,3,0,"2008","Hombres"
"Zacatecas",1962,73,88,83,202,174,256,250,163,247,162,113,151,"2008","Hombres"
"Total",132880,6726,7083,7940,15012,13238,13367,14088,10194,13350,11883,10059,9940,"2008","Hombres"
"Aguascalientes",939,37,45,110,80,82,123,87,94,87,92,52,50,"2009","Hombres"
"BajaCalifornia",96,2,0,1,5,9,14,19,16,25,5,0,0,"2009","Hombres"
"BajaCaliforniaSur",52,1,1,4,3,5,8,5,5,7,4,4,5,"2009","Hombres"
"Campeche",32,2,7,4,1,0,1,3,4,4,3,2,1,"2009","Hombres"
"Coahuila",86,0,2,7,9,5,5,8,22,21,6,1,0,"2009","Hombres"
"Colima",5497,363,315,424,361,424,537,514,458,594,560,461,486,"2009","Hombres"
"Chiapas",145,8,18,7,6,11,19,10,13,20,9,10,14,"2009","Hombres"
"Chihuahua",186,3,5,15,10,35,29,28,19,15,17,7,3,"2009","Hombres"
"DistritoFederal",214,16,13,13,16,21,30,27,21,14,14,11,18,"2009","Hombres"
"Durango",2790,82,115,241,266,344,434,303,269,260,225,106,145,"2009","Hombres"
"Guanajuato",12177,398,605,1153,1210,1576,1539,1115,1045,1253,979,700,604,"2009","Hombres"
"Guerrero",24314,1147,1255,1876,1631,2246,2688,2079,1853,2254,2196,2875,2214,"2009","Hombres"
"Hidalgo",80,1,5,6,10,3,11,8,11,8,7,4,6,"2009","Hombres"
"Jalisco",29305,1445,1599,2606,2688,3039,3495,2531,2233,2933,2654,2114,1968,"2009","Hombres"
"Mexico",4631,186,195,295,391,642,574,346,356,471,424,456,295,"2009","Hombres"
"Michoacan",16841,775,766,1282,1200,1733,1873,1466,1425,1817,1639,1543,1322,"2009","Hombres"
"Morelos",17021,724,828,1519,1701,2133,1912,1350,1263,1692,1445,1326,1128,"2009","Hombres"
"Nayarit",8490,583,550,523,509,640,1074,875,814,866,842,683,531,"2009","Hombres"
"NuevoLeon",119,3,2,13,6,23,13,15,17,15,9,1,2,"2009","Hombres"
"Oaxaca",2457,127,134,233,243,243,270,230,188,238,172,193,186,"2009","Hombres"
"Puebla",7430,377,432,729,791,762,765,606,527,679,609,602,551,"2009","Hombres"
"Queretaro",1922,53,99,173,183,230,226,198,228,190,141,104,97,"2009","Hombres"
"QuintanaRoo",78,1,6,14,1,4,8,4,10,13,6,5,6,"2009","Hombres"
"SanLuisPotosi",142,3,12,19,21,15,13,14,10,19,11,2,3,"2009","Hombres"
"Sinaloa",4203,174,130,241,237,287,441,430,474,608,465,332,384,"2009","Hombres"
"Sonora",1836,46,26,102,114,240,350,283,225,197,120,84,49,"2009","Hombres"
"Tabasco",22,0,2,3,3,2,6,1,1,1,0,1,2,"2009","Hombres"
"Tamaulipas",117,3,4,10,7,14,20,14,15,18,7,2,3,"2009","Hombres"
"Tlaxcala",28,1,0,3,4,3,4,4,1,0,3,4,1,"2009","Hombres"
"Veracruz",138,3,10,16,7,13,13,17,20,16,15,4,4,"2009","Hombres"
"Yucatan",16,0,1,1,1,0,3,2,0,7,1,0,0,"2009","Hombres"
"Zacatecas",1822,63,95,163,157,223,232,183,187,183,141,99,96,"2009","Hombres"
"Total",143226,6627,7277,11806,11872,15007,16730,12775,11824,14525,12821,11788,10174,"2009","Hombres"
"Aguascalientes",1026,29,42,58,91,140,164,102,101,138,64,47,50,"2010","Hombres"
"BajaCalifornia",62,0,3,2,11,10,10,4,13,4,2,3,0,"2010","Hombres"
"BajaCaliforniaSur",32,0,0,0,1,5,5,3,4,5,1,5,3,"2010","Hombres"
"Campeche",32,2,3,6,2,1,4,0,4,5,4,0,1,"2010","Hombres"
"Coahuila",108,2,0,5,13,17,18,14,8,19,7,1,4,"2010","Hombres"
"Colima",5928,396,361,441,434,418,593,633,615,751,487,434,365,"2010","Hombres"
"Chiapas",131,12,10,6,11,11,11,8,11,11,13,10,17,"2010","Hombres"
"Chihuahua",184,2,4,7,6,23,30,33,19,29,23,6,2,"2010","Hombres"
"DistritoFederal",234,12,14,30,19,36,26,18,24,22,4,17,12,"2010","Hombres"
"Durango",3448,86,77,172,256,448,755,382,379,409,186,167,131,"2010","Hombres"
"Guanajuato",13227,420,466,1181,1518,2120,1949,1194,1052,1253,949,612,513,"2010","Hombres"
"Guerrero",23427,1846,1464,1933,1826,1904,2866,2020,1920,2188,2024,1923,1513,"2010","Hombres"
"Hidalgo",68,1,1,5,4,11,11,5,8,8,4,4,6,"2010","Hombres"
"Jalisco",26581,1505,1416,2326,2327,3018,3578,2323,2278,2672,2222,1631,1285,"2010","Hombres"
"Mexico",3964,213,191,284,341,413,606,304,308,391,402,280,231,"2010","Hombres"
"Michoacan",15834,897,876,1379,1362,1599,1931,1378,1418,1811,1321,1047,815,"2010","Hombres"
"Morelos",15220,659,703,1360,1612,1768,2028,1263,1209,1617,1334,932,735,"2010","Hombres"
"Nayarit",7483,434,387,571,477,574,942,846,812,934,683,442,381,"2010","Hombres"
"NuevoLeon",78,1,0,2,6,7,16,7,16,14,5,3,1,"2010","Hombres"
"Oaxaca",2371,147,129,236,221,228,335,177,180,211,194,172,141,"2010","Hombres"
"Puebla",7432,391,439,756,785,769,932,655,556,638,562,458,491,"2010","Hombres"
"Queretaro",2194,89,70,148,185,295,382,204,196,205,182,117,121,"2010","Hombres"
"QuintanaRoo",73,2,4,4,5,11,9,9,5,4,8,7,5,"2010","Hombres"
"SanLuisPotosi",84,0,2,10,8,10,9,13,10,6,6,3,7,"2010","Hombres"
"Sinaloa",3989,164,176,246,248,269,463,435,509,619,422,269,169,"2010","Hombres"
"Sonora",1714,24,35,65,109,165,423,225,225,228,100,67,48,"2010","Hombres"
"Tabasco",16,1,0,2,1,2,3,3,1,0,3,0,0,"2010","Hombres"
"Tamaulipas",103,3,1,5,10,21,20,6,13,11,12,1,0,"2010","Hombres"
"Tlaxcala",28,1,0,1,4,7,2,4,2,3,2,0,2,"2010","Hombres"
"Veracruz",107,7,6,10,6,9,21,6,17,10,8,4,3,"2010","Hombres"
"Yucatan",29,2,1,2,6,1,0,1,2,8,3,1,2,"2010","Hombres"
"Zacatecas",1806,68,59,106,161,222,314,231,190,180,121,79,75,"2010","Hombres"
"Total",137013,7416,6940,11359,12066,14532,18456,12506,12105,14404,11358,8742,7129,"2010","Hombres"
"Aguascalientes",983,44,63,99,104,100,122,74,98,85,66,81,47,"2011","Hombres"
"BajaCalifornia",62,0,3,4,3,11,7,11,6,3,9,3,2,"2011","Hombres"
"BajaCaliforniaSur",37,1,0,1,2,3,3,3,7,12,4,1,0,"2011","Hombres"
"Campeche",35,3,2,5,7,2,1,4,3,2,2,4,0,"2011","Hombres"
"Coahuila",94,0,0,5,8,6,16,11,27,9,6,6,0,"2011","Hombres"
"Colima",6516,312,304,409,430,572,652,659,757,655,696,681,389,"2011","Hombres"
"Chiapas",155,13,10,21,6,16,9,12,21,12,13,14,8,"2011","Hombres"
"Chihuahua",185,4,3,18,9,12,25,24,30,24,21,6,9,"2011","Hombres"
"DistritoFederal",222,16,20,20,20,28,23,18,27,18,9,11,12,"2011","Hombres"
"Durango",3636,97,151,277,387,478,692,322,483,242,200,182,125,"2011","Hombres"
"Guanajuato",14005,469,683,1286,1858,1674,1820,1202,1387,1105,948,860,713,"2011","Hombres"
"Guerrero",25218,1314,1330,1838,1839,2252,2930,2169,2396,2125,2247,3212,1566,"2011","Hombres"
"Hidalgo",80,0,0,5,4,14,14,4,15,7,8,6,3,"2011","Hombres"
"Jalisco",26426,1184,1448,2318,2545,2899,3274,2244,2686,2176,2097,2230,1325,"2011","Hombres"
"Mexico",4752,123,162,325,401,550,572,379,455,477,451,602,255,"2011","Hombres"
"Michoacan",15921,585,741,1161,1354,1513,1857,1413,1720,1558,1452,1650,917,"2011","Hombres"
"Morelos",18222,558,748,1465,1979,2098,2156,1605,1959,1752,1561,1480,861,"2011","Hombres"
"Nayarit",7362,261,287,418,403,538,993,837,917,805,723,764,416,"2011","Hombres"
"NuevoLeon",104,1,3,5,6,10,16,8,29,14,9,3,0,"2011","Hombres"
"Oaxaca",2372,100,154,249,221,231,264,235,223,176,156,230,133,"2011","Hombres"
"Puebla",7200,325,448,781,728,661,818,558,700,581,534,691,375,"2011","Hombres"
"Queretaro",2551,96,101,204,300,272,355,228,267,252,175,211,90,"2011","Hombres"
"QuintanaRoo",101,3,0,10,15,11,10,7,12,11,10,8,4,"2011","Hombres"
"SanLuisPotosi",119,4,1,6,10,8,13,21,20,12,11,9,4,"2011","Hombres"
"Sinaloa",4238,132,123,209,222,297,452,463,739,523,497,404,177,"2011","Hombres"
"Sonora",2172,26,25,96,160,196,464,366,314,216,168,103,38,"2011","Hombres"
"Tabasco",29,0,1,3,4,0,3,2,3,4,1,8,0,"2011","Hombres"
"Tamaulipas",132,2,2,8,11,14,19,23,16,15,11,7,4,"2011","Hombres"
"Tlaxcala",25,0,2,3,0,2,2,2,8,1,0,5,0,"2011","Hombres"
"Veracruz",105,3,5,14,13,7,9,14,13,8,5,6,8,"2011","Hombres"
"Yucatan",28,1,2,2,1,3,2,4,4,2,4,0,3,"2011","Hombres"
"Zacatecas",1819,50,101,169,216,215,254,166,209,140,114,115,70,"2011","Hombres"
"Total",144906,5727,6923,11434,13266,14693,17847,13088,15551,13022,12208,13593,7554,"2011","Hombres"
"Aguascalientes",1103,55,53,87,109,135,129,133,90,105,107,71,29,"2012","Hombres"
"BajaCalifornia",62,1,0,2,1,3,3,10,16,18,5,3,0,"2012","Hombres"
"BajaCaliforniaSur",54,1,0,1,3,6,11,9,9,8,5,1,0,"2012","Hombres"
"Campeche",30,1,7,1,0,3,4,5,6,2,0,0,1,"2012","Hombres"
"Coahuila",102,0,2,2,7,15,15,19,16,11,8,3,4,"2012","Hombres"
"Colima",6802,447,427,434,338,675,635,837,619,704,808,450,428,"2012","Hombres"
"Chiapas",144,9,5,8,5,27,13,15,12,10,11,19,10,"2012","Hombres"
"Chihuahua",209,5,6,12,22,25,25,33,20,32,18,6,5,"2012","Hombres"
"DistritoFederal",208,9,10,18,12,29,20,28,24,19,17,13,9,"2012","Hombres"
"Durango",3836,187,141,159,357,665,537,456,351,328,301,203,151,"2012","Hombres"
"Guanajuato",15980,876,1013,1127,1929,2947,1816,1522,1188,1112,1303,625,522,"2012","Hombres"
"Guerrero",28920,2227,1616,1943,1927,3185,2430,2843,2090,2253,3099,3369,1938,"2012","Hombres"
"Hidalgo",101,6,5,7,6,8,13,17,13,10,10,3,3,"2012","Hombres"
"Jalisco",27099,1913,1499,1892,2356,3600,2812,2559,2039,2201,2874,1793,1561,"2012","Hombres"
"Mexico",5095,295,254,350,474,751,423,454,329,360,613,493,299,"2012","Hombres"
"Michoacan",16772,1109,973,1188,1349,2137,1499,1538,1298,1232,1823,1533,1093,"2012","Hombres"
"Morelos",16042,1051,1033,1298,1553,2133,1430,1634,1253,1228,1658,1062,709,"2012","Hombres"
"Nayarit",8628,508,365,452,544,803,983,1164,724,808,1067,759,451,"2012","Hombres"
"NuevoLeon",100,4,3,7,10,6,10,11,17,15,13,4,0,"2012","Hombres"
"Oaxaca",2318,132,135,180,203,320,214,245,183,193,216,170,127,"2012","Hombres"
"Puebla",7274,426,466,567,750,976,650,669,525,578,716,528,423,"2012","Hombres"
"Queretaro",2671,107,95,146,260,378,290,303,233,240,354,135,130,"2012","Hombres"
"QuintanaRoo",45,3,7,10,4,5,3,3,0,2,4,3,1,"2012","Hombres"
"SanLuisPotosi",169,3,13,13,16,20,13,21,19,23,16,7,5,"2012","Hombres"
"Sinaloa",4834,151,160,178,226,456,462,623,571,648,736,349,274,"2012","Hombres"
"Sonora",2442,78,37,89,176,401,452,387,254,211,210,93,54,"2012","Hombres"
"Tabasco",26,1,2,2,1,4,1,7,3,3,1,0,1,"2012","Hombres"
"Tamaulipas",195,5,4,16,18,12,27,28,20,34,20,8,3,"2012","Hombres"
"Tlaxcala",22,0,0,1,1,2,3,1,4,3,6,1,0,"2012","Hombres"
"Veracruz",110,3,6,9,12,17,6,11,12,18,7,5,4,"2012","Hombres"
"Yucatan",23,2,1,2,1,1,2,1,4,2,6,1,0,"2012","Hombres"
"Zacatecas",1692,65,65,108,143,262,226,234,157,138,145,99,50,"2012","Hombres"
"Total",153108,9680,8403,10309,12813,20007,15157,15820,12099,12549,16177,11809,8285,"2012","Hombres"
"Aguascalientes",982,59,35,72,98,153,90,116,76,102,110,42,29,"2013","Hombres"
"BajaCalifornia",63,0,4,2,2,6,9,10,6,11,9,4,0,"2013","Hombres"
"BajaCaliforniaSur",24,0,1,2,2,1,4,3,4,3,0,2,2,"2013","Hombres"
"Campeche",29,0,1,4,2,3,7,3,0,2,5,2,0,"2013","Hombres"
"Coahuila",100,2,1,2,5,19,18,12,16,20,5,0,0,"2013","Hombres"
"Colima",6573,527,347,372,413,558,552,645,566,671,903,556,463,"2013","Hombres"
"Chiapas",136,14,9,14,14,26,8,12,11,4,7,9,8,"2013","Hombres"
"Chihuahua",181,4,2,6,8,25,18,38,20,19,26,10,5,"2013","Hombres"
"DistritoFederal",261,18,15,12,28,28,28,31,28,20,20,23,10,"2013","Hombres"
"Durango",4658,148,184,310,424,746,667,582,447,374,377,232,167,"2013","Hombres"
"Guanajuato",15045,699,858,1038,1787,2366,1668,1527,1219,1113,1387,834,549,"2013","Hombres"
"Guerrero",31479,2370,1736,1615,2119,3198,2903,2777,2075,2018,3839,4549,2280,"2013","Hombres"
"Hidalgo",95,2,3,4,11,14,13,10,14,6,11,4,3,"2013","Hombres"
"Jalisco",27534,1915,1572,1821,2515,3542,2749,2677,2122,2080,3036,1968,1537,"2013","Hombres"
"Mexico",5580,260,269,267,433,797,551,451,386,421,715,619,411,"2013","Hombres"
"Michoacan",17289,1269,953,1035,1373,2099,1676,1708,1318,1277,1833,1525,1223,"2013","Hombres"
"Morelos",17206,901,919,1093,1693,2235,1689,1512,1251,1271,1949,1596,1097,"2013","Hombres"
"Nayarit",8804,552,349,495,531,629,974,1160,798,718,1142,919,537,"2013","Hombres"
"NuevoLeon",68,0,1,3,8,9,16,11,10,4,5,0,1,"2013","Hombres"
"Oaxaca",2472,158,156,177,217,269,234,229,162,171,261,227,211,"2013","Hombres"
"Puebla",6495,513,522,535,626,734,544,580,441,406,625,660,309,"2013","Hombres"
"Queretaro",2616,164,149,174,239,365,280,273,210,203,265,164,130,"2013","Hombres"
"QuintanaRoo",49,5,2,5,2,2,4,9,3,6,5,4,2,"2013","Hombres"
"SanLuisPotosi",141,6,6,6,10,14,15,28,22,13,11,8,2,"2013","Hombres"
"Sinaloa",4445,248,163,154,196,336,375,530,506,587,694,414,242,"2013","Hombres"
"Sonora",2360,71,47,89,144,397,432,384,273,227,185,73,38,"2013","Hombres"
"Tabasco",18,0,4,1,3,3,1,1,1,1,2,1,0,"2013","Hombres"
"Tamaulipas",201,5,10,16,22,28,28,34,23,11,12,8,4,"2013","Hombres"
"Tlaxcala",23,1,0,1,1,6,0,4,3,2,1,2,2,"2013","Hombres"
"Veracruz",107,4,13,10,15,10,3,17,10,1,13,6,5,"2013","Hombres"
"Yucatan",15,0,1,1,4,0,2,0,1,3,2,0,1,"2013","Hombres"
"Zacatecas",2068,71,85,122,177,272,238,264,175,174,215,171,104,"2013","Hombres"
"Total",157117,9986,8417,9458,13122,18890,15796,15638,12197,11939,17670,14632,9372,"2013","Hombres"
"Aguascalientes",675,39,40,49,115,80,72,49,52,62,57,32,28,"2003","Mujeres"
"BajaCalifornia",42,1,2,2,1,4,1,3,15,6,2,4,1,"2003","Mujeres"
"BajaCaliforniaSur",39,2,1,1,3,9,2,5,5,3,2,5,1,"2003","Mujeres"
"Campeche",34,2,7,5,5,3,0,4,1,2,1,0,4,"2003","Mujeres"
"Coahuila",49,0,1,2,4,3,5,12,2,12,4,1,3,"2003","Mujeres"
"Colima",4644,378,359,266,400,342,388,503,414,415,498,363,318,"2003","Mujeres"
"Chiapas",110,7,16,5,14,5,9,10,7,6,18,4,9,"2003","Mujeres"
"Chihuahua",255,6,5,5,13,35,32,41,37,41,31,8,1,"2003","Mujeres"
"DistritoFederal",139,9,11,13,17,15,15,12,8,12,16,5,6,"2003","Mujeres"
"Durango",2708,87,57,147,299,460,373,303,260,207,213,171,131,"2003","Mujeres"
"Guanajuato",12773,608,825,1147,2364,2102,1054,824,804,738,908,670,729,"2003","Mujeres"
"Guerrero",11880,763,747,812,1090,921,974,1209,869,980,1306,1303,906,"2003","Mujeres"
"Hidalgo",156,8,6,15,16,16,17,13,18,12,18,11,6,"2003","Mujeres"
"Jalisco",23377,1698,1380,1869,3127,2805,2082,1923,1476,1567,2214,1713,1523,"2003","Mujeres"
"Mexico",2813,131,131,131,299,277,273,206,162,214,297,310,382,"2003","Mujeres"
"Michoacan",14178,861,861,1170,1679,1567,1167,1370,967,1007,1461,1190,878,"2003","Mujeres"
"Morelos",14922,808,855,1257,2300,1499,1336,1363,894,1144,1485,1129,852,"2003","Mujeres"
"Nayarit",6635,397,260,350,648,557,617,609,553,674,933,559,478,"2003","Mujeres"
"NuevoLeon",243,2,2,7,29,41,23,37,32,23,20,18,9,"2003","Mujeres"
"Oaxaca",2374,163,161,200,329,197,181,245,164,162,240,195,137,"2003","Mujeres"
"Puebla",7887,480,529,667,1069,844,685,766,564,577,651,577,478,"2003","Mujeres"
"Queretaro",2259,110,114,180,305,302,276,151,142,165,203,182,129,"2003","Mujeres"
"QuintanaRoo",54,1,1,1,8,3,5,3,5,7,10,5,5,"2003","Mujeres"
"SanLuisPotosi",138,2,3,9,18,23,15,18,13,15,12,5,5,"2003","Mujeres"
"Sinaloa",4161,220,173,136,263,309,416,523,525,477,581,331,207,"2003","Mujeres"
"Sonora",6676,235,199,196,480,904,1068,736,821,632,860,156,389,"2003","Mujeres"
"Tabasco",28,2,3,1,3,4,0,6,4,3,2,0,0,"2003","Mujeres"
"Tamaulipas",294,3,2,3,12,32,19,162,23,21,12,3,2,"2003","Mujeres"
"Tlaxcala",14,1,0,2,2,0,0,4,0,2,2,1,0,"2003","Mujeres"
"Veracruz",145,5,5,19,13,10,19,19,17,19,11,6,2,"2003","Mujeres"
"Yucatan",41,1,5,1,2,5,5,10,4,3,0,3,2,"2003","Mujeres"
"Zacatecas",1417,50,50,91,182,298,177,162,90,101,110,57,49,"2003","Mujeres"
"Total",121160,7080,6811,8759,15109,13672,11306,11301,8948,9309,12178,9017,7670,"2003","Mujeres"
"Aguascalientes",703,14,17,59,71,82,75,77,84,71,71,49,33,"2004","Mujeres"
"BajaCalifornia",50,0,0,4,3,8,8,10,8,7,1,1,0,"2004","Mujeres"
"BajaCaliforniaSur",48,0,0,1,4,10,9,3,3,8,8,1,1,"2004","Mujeres"
"Campeche",20,0,1,2,2,1,0,3,4,2,3,1,1,"2004","Mujeres"
"Coahuila",54,5,0,1,1,3,13,8,9,4,7,3,0,"2004","Mujeres"
"Colima",4919,203,278,431,394,407,549,405,536,382,524,521,289,"2004","Mujeres"
"Chiapas",99,8,10,7,10,10,8,6,3,7,7,11,12,"2004","Mujeres"
"Chihuahua",224,3,4,8,11,28,38,42,41,23,14,8,4,"2004","Mujeres"
"DistritoFederal",190,10,6,20,17,21,25,15,23,15,22,13,3,"2004","Mujeres"
"Durango",2571,67,76,164,227,374,423,262,312,177,219,160,110,"2004","Mujeres"
"Guanajuato",12404,431,540,1223,1579,1566,1357,859,1103,884,1190,1148,524,"2004","Mujeres"
"Guerrero",14205,806,835,1262,1100,1338,1592,1127,1360,1047,1305,1676,757,"2004","Mujeres"
"Hidalgo",145,4,3,14,16,14,19,20,19,12,11,12,1,"2004","Mujeres"
"Jalisco",23440,1287,1173,2357,2647,2645,2557,1622,2040,1745,2145,2082,1140,"2004","Mujeres"
"Mexico",2597,120,114,230,249,322,242,184,206,193,286,323,128,"2004","Mujeres"
"Michoacan",11890,523,594,1173,1068,1314,1161,821,1120,966,1220,1308,622,"2004","Mujeres"
"Morelos",12054,484,553,1354,1399,1329,1334,899,1080,870,971,1166,615,"2004","Mujeres"
"Nayarit",6437,299,238,494,448,495,899,698,704,658,599,541,364,"2004","Mujeres"
"NuevoLeon",182,1,1,4,59,18,17,9,53,12,8,0,0,"2004","Mujeres"
"Oaxaca",2297,116,125,243,194,234,244,200,233,197,176,196,139,"2004","Mujeres"
"Puebla",7812,336,355,934,816,846,805,616,817,516,582,715,474,"2004","Mujeres"
"Queretaro",1996,67,72,164,178,238,268,175,224,157,181,199,73,"2004","Mujeres"
"QuintanaRoo",43,1,4,8,5,3,7,4,2,6,1,2,0,"2004","Mujeres"
"SanLuisPotosi",188,5,4,12,17,19,30,28,33,15,13,8,4,"2004","Mujeres"
"Sinaloa",4308,162,165,297,222,360,575,414,660,506,452,309,186,"2004","Mujeres"
"Sonora",3282,49,52,153,184,416,658,617,473,317,229,93,41,"2004","Mujeres"
"Tabasco",17,2,0,5,1,5,0,2,0,0,0,2,0,"2004","Mujeres"
"Tamaulipas",275,3,7,14,18,21,22,19,28,27,102,10,4,"2004","Mujeres"
"Tlaxcala",28,0,0,0,2,1,1,2,2,4,16,0,0,"2004","Mujeres"
"Veracruz",135,1,11,10,19,23,15,5,18,9,11,7,6,"2004","Mujeres"
"Yucatan",25,0,3,5,3,0,2,3,2,2,3,1,1,"2004","Mujeres"
"Zacatecas",1251,51,29,93,122,133,199,117,120,107,130,93,57,"2004","Mujeres"
"Total",113889,5058,5270,10746,11086,12284,13152,9272,11320,8946,10507,10659,5589,"2004","Mujeres"
"Aguascalientes",908,22,56,57,109,173,94,85,91,85,58,55,23,"2005","Mujeres"
"BajaCalifornia",78,3,1,2,7,9,5,7,21,11,4,4,4,"2005","Mujeres"
"BajaCaliforniaSur",63,1,4,3,3,10,9,5,10,9,4,3,2,"2005","Mujeres"
"Campeche",24,5,3,4,1,1,2,2,2,1,2,1,0,"2005","Mujeres"
"Coahuila",64,2,0,1,4,8,14,13,12,7,1,2,0,"2005","Mujeres"
"Colima",4508,302,336,303,368,405,377,369,423,387,505,464,269,"2005","Mujeres"
"Chiapas",158,9,9,18,12,22,12,14,17,9,11,13,12,"2005","Mujeres"
"Chihuahua",182,2,6,9,11,35,15,16,38,24,12,12,2,"2005","Mujeres"
"DistritoFederal",224,16,14,20,22,27,19,18,30,11,19,11,17,"2005","Mujeres"
"Durango",2986,106,87,117,271,544,441,346,314,274,209,171,106,"2005","Mujeres"
"Guanajuato",14293,475,815,1015,1862,2328,1639,983,1164,1012,1122,1145,733,"2005","Mujeres"
"Guerrero",16648,906,941,1320,1446,1656,1285,1358,1614,1363,1719,1971,1069,"2005","Mujeres"
"Hidalgo",151,3,5,11,20,20,13,10,31,12,15,7,4,"2005","Mujeres"
"Jalisco",25242,1301,1317,2133,2857,3528,2349,1899,2070,2054,2171,2245,1318,"2005","Mujeres"
"Mexico",2927,137,143,247,344,336,310,181,202,236,292,320,179,"2005","Mujeres"
"Michoacan",13593,621,699,986,1314,1540,1285,982,1168,1166,1402,1631,799,"2005","Mujeres"
"Morelos",15795,517,837,1459,1862,1909,1363,1131,1235,1229,1922,1593,738,"2005","Mujeres"
"Nayarit",6069,272,308,409,415,691,496,526,691,539,708,692,322,"2005","Mujeres"
"NuevoLeon",57,2,0,3,5,6,8,12,6,7,3,4,1,"2005","Mujeres"
"Oaxaca",2662,99,162,256,248,316,208,236,286,215,204,282,150,"2005","Mujeres"
"Puebla",8715,390,505,945,1081,1054,720,673,811,610,687,743,496,"2005","Mujeres"
"Queretaro",1991,101,95,132,236,284,253,149,146,173,168,157,97,"2005","Mujeres"
"QuintanaRoo",74,4,3,8,7,5,9,5,8,8,5,6,6,"2005","Mujeres"
"SanLuisPotosi",192,6,3,15,24,30,17,28,34,17,7,10,1,"2005","Mujeres"
"Sinaloa",3780,143,172,216,282,345,299,375,551,511,400,331,155,"2005","Mujeres"
"Sonora",2993,44,43,104,158,403,471,434,448,393,262,147,86,"2005","Mujeres"
"Tabasco",15,0,3,0,2,3,2,2,1,1,0,1,0,"2005","Mujeres"
"Tamaulipas",182,7,4,14,17,21,27,20,29,15,11,14,3,"2005","Mujeres"
"Tlaxcala",17,0,1,2,0,2,3,1,2,3,2,1,0,"2005","Mujeres"
"Veracruz",103,5,5,10,16,17,10,8,13,6,4,7,2,"2005","Mujeres"
"Yucatan",29,2,1,2,1,1,2,2,6,6,1,3,2,"2005","Mujeres"
"Zacatecas",1549,50,57,74,144,256,174,168,172,163,114,120,57,"2005","Mujeres"
"Total",126272,5553,6635,9895,13149,15985,11931,10058,11646,10557,12044,12166,6653,"2005","Mujeres"
"Aguascalientes",995,48,45,79,153,150,102,79,122,77,71,44,25,"2006","Mujeres"
"BajaCalifornia",73,6,3,1,3,4,4,15,12,8,11,5,1,"2006","Mujeres"
"BajaCaliforniaSur",84,1,1,4,2,10,7,14,13,12,10,7,3,"2006","Mujeres"
"Campeche",28,0,2,2,1,1,4,3,5,4,3,2,1,"2006","Mujeres"
"Coahuila",84,1,2,4,4,9,11,14,16,13,6,2,2,"2006","Mujeres"
"Colima",4848,420,268,358,450,513,420,356,502,499,495,356,211,"2006","Mujeres"
"Chiapas",115,13,9,12,12,6,7,7,10,10,7,12,10,"2006","Mujeres"
"Chihuahua",184,7,4,6,13,28,24,18,33,20,16,12,3,"2006","Mujeres"
"DistritoFederal",252,20,10,19,30,35,35,20,14,20,19,13,17,"2006","Mujeres"
"Durango",3128,99,115,196,361,515,414,326,343,246,256,148,109,"2006","Mujeres"
"Guanajuato",17099,1063,938,1565,2508,2696,1588,1234,1498,1209,1449,817,534,"2006","Mujeres"
"Guerrero",20855,1421,1308,1614,1800,2290,1907,1575,1935,1693,2260,1842,1210,"2006","Mujeres"
"Hidalgo",136,7,7,10,14,12,15,16,21,12,9,6,7,"2006","Mujeres"
"Jalisco",29468,1932,1937,2527,3386,3856,2500,2102,2554,2312,2957,2131,1274,"2006","Mujeres"
"Mexico",3392,172,164,234,354,448,288,211,300,300,381,328,212,"2006","Mujeres"
"Michoacan",16018,1059,987,1379,1676,2119,1472,1044,1338,1182,1732,1216,814,"2006","Mujeres"
"Morelos",15723,912,981,1329,1736,2185,1394,1137,1456,1326,1559,978,730,"2006","Mujeres"
"Nayarit",6915,325,365,415,485,687,631,654,835,686,932,548,352,"2006","Mujeres"
"NuevoLeon",100,1,1,1,13,14,6,8,20,17,16,2,1,"2006","Mujeres"
"Oaxaca",2828,209,212,263,325,363,232,218,273,176,240,162,155,"2006","Mujeres"
"Puebla",9103,645,733,796,1000,1073,687,694,810,664,896,605,500,"2006","Mujeres"
"Queretaro",2336,123,141,185,246,301,223,162,200,186,272,135,162,"2006","Mujeres"
"QuintanaRoo",71,2,4,4,7,12,9,9,7,8,7,1,1,"2006","Mujeres"
"SanLuisPotosi",233,9,3,13,25,43,37,18,41,22,14,4,4,"2006","Mujeres"
"Sinaloa",4281,159,150,147,211,514,399,353,554,558,672,349,215,"2006","Mujeres"
"Sonora",2748,50,77,78,184,380,422,391,445,310,254,104,53,"2006","Mujeres"
"Tabasco",19,1,0,1,2,2,2,0,3,4,2,2,0,"2006","Mujeres"
"Tamaulipas",184,6,4,8,20,15,25,22,32,21,21,7,3,"2006","Mujeres"
"Tlaxcala",23,1,2,3,4,5,1,1,3,1,1,0,1,"2006","Mujeres"
"Veracruz",157,7,5,13,19,12,5,22,27,19,16,5,7,"2006","Mujeres"
"Yucatan",36,4,2,3,1,5,7,1,9,1,1,2,0,"2006","Mujeres"
"Zacatecas",1936,99,91,144,232,296,201,175,205,152,148,101,92,"2006","Mujeres"
"Total",143452,8822,8571,11413,15277,18599,13079,10899,13636,11768,14733,9946,6709,"2006","Mujeres"
"Aguascalientes",993,42,46,76,136,151,109,94,79,77,85,58,40,"2007","Mujeres"
"BajaCalifornia",75,0,1,1,1,2,7,26,20,8,9,0,0,"2007","Mujeres"
"BajaCaliforniaSur",77,3,2,2,9,9,7,8,9,14,8,4,2,"2007","Mujeres"
"Campeche",30,3,1,4,4,2,1,4,3,2,2,2,2,"2007","Mujeres"
"Coahuila",107,2,1,4,6,9,10,25,28,15,6,0,1,"2007","Mujeres"
"Colima",4539,348,261,280,412,332,359,441,396,404,612,352,342,"2007","Mujeres"
"Chiapas",163,13,10,14,11,11,16,16,12,17,12,15,16,"2007","Mujeres"
"Chihuahua",199,9,3,1,17,22,30,28,36,25,16,6,6,"2007","Mujeres"
"DistritoFederal",260,14,16,25,34,28,30,30,14,13,24,22,10,"2007","Mujeres"
"Durango",3385,92,125,212,390,584,465,415,311,267,295,139,90,"2007","Mujeres"
"Guanajuato",17448,1027,729,1572,3058,2881,1722,1468,1096,1096,1357,834,608,"2007","Mujeres"
"Guerrero",19657,1528,1139,1435,2016,1659,1704,1929,1332,1626,2213,1860,1216,"2007","Mujeres"
"Hidalgo",95,3,2,6,15,10,9,11,9,15,11,3,1,"2007","Mujeres"
"Jalisco",28038,1716,1440,2472,3798,3493,2650,2491,1976,2273,2828,1762,1139,"2007","Mujeres"
"Mexico",3269,221,148,220,348,404,298,297,212,274,367,295,185,"2007","Mujeres"
"Michoacan",13920,872,762,1043,1481,1486,1260,1231,1124,1203,1640,1125,693,"2007","Mujeres"
"Morelos",15950,1031,996,1367,2257,1669,1440,1430,1212,1217,1531,1085,715,"2007","Mujeres"
"Nayarit",7192,432,366,434,666,584,749,827,686,727,866,515,340,"2007","Mujeres"
"NuevoLeon",124,2,4,3,21,21,14,8,18,17,7,7,2,"2007","Mujeres"
"Oaxaca",3214,241,212,233,354,329,303,309,236,208,355,234,200,"2007","Mujeres"
"Puebla",7933,652,417,498,997,781,731,772,641,633,776,582,453,"2007","Mujeres"
"Queretaro",1929,97,103,144,243,238,197,199,152,174,174,107,101,"2007","Mujeres"
"QuintanaRoo",52,1,6,6,5,4,4,6,2,8,5,2,3,"2007","Mujeres"
"SanLuisPotosi",242,7,8,16,32,26,29,44,25,16,19,13,7,"2007","Mujeres"
"Sinaloa",4284,168,163,190,284,341,455,540,543,553,574,285,188,"2007","Mujeres"
"Sonora",2782,42,68,108,251,302,556,430,340,310,239,102,34,"2007","Mujeres"
"Tabasco",21,0,1,1,3,0,2,4,2,2,1,4,1,"2007","Mujeres"
"Tamaulipas",183,8,1,8,17,34,22,20,25,19,22,3,4,"2007","Mujeres"
"Tlaxcala",27,0,3,3,2,4,1,4,0,0,5,0,5,"2007","Mujeres"
"Veracruz",176,9,2,17,16,20,19,12,24,30,12,6,9,"2007","Mujeres"
"Yucatan",45,3,3,5,4,7,2,5,8,3,2,2,1,"2007","Mujeres"
"Zacatecas",1956,76,52,111,270,295,209,242,182,183,184,90,62,"2007","Mujeres"
"Total",138365,8662,7091,10511,17158,15738,13410,13366,10753,11429,14257,9514,6476,"2007","Mujeres"
"Aguascalientes",986,48,44,48,159,106,126,100,55,124,89,49,38,"2008","Mujeres"
"BajaCalifornia",86,1,0,0,3,6,4,23,11,24,4,7,3,"2008","Mujeres"
"BajaCaliforniaSur",66,2,1,3,8,5,3,13,7,10,5,6,3,"2008","Mujeres"
"Campeche",61,26,4,3,2,4,3,5,1,7,2,1,3,"2008","Mujeres"
"Coahuila",108,3,2,1,10,10,27,16,12,10,7,4,6,"2008","Mujeres"
"Colima",4773,300,271,283,440,388,374,482,435,463,471,406,460,"2008","Mujeres"
"Chiapas",222,15,16,13,27,25,18,22,17,16,20,18,15,"2008","Mujeres"
"Chihuahua",224,3,8,6,26,24,23,34,31,43,16,7,3,"2008","Mujeres"
"DistritoFederal",269,15,13,21,38,26,25,35,21,20,22,20,13,"2008","Mujeres"
"Durango",3234,87,145,157,336,374,497,447,300,321,247,160,163,"2008","Mujeres"
"Guanajuato",15221,656,865,1103,2615,2390,1863,1408,915,1229,910,553,714,"2008","Mujeres"
"Guerrero",20498,1182,1288,1278,2186,1766,1828,1963,1525,1991,1880,1819,1792,"2008","Mujeres"
"Hidalgo",125,8,4,8,21,15,19,17,10,8,8,2,5,"2008","Mujeres"
"Jalisco",26897,1451,1640,2013,3684,3151,2762,2353,1666,2384,2301,1704,1788,"2008","Mujeres"
"Mexico",4164,182,186,189,453,379,384,412,277,418,491,435,358,"2008","Mujeres"
"Michoacan",15871,810,948,989,1871,1733,1505,1278,1141,1402,1432,1440,1322,"2008","Mujeres"
"Morelos",15336,773,900,1125,2253,1718,1433,1355,986,1292,1280,1089,1132,"2008","Mujeres"
"Nayarit",6880,344,305,318,650,627,653,795,562,830,700,551,545,"2008","Mujeres"
"NuevoLeon",134,0,4,3,12,13,20,18,29,19,10,3,3,"2008","Mujeres"
"Oaxaca",3331,198,235,243,382,339,311,312,272,248,265,229,297,"2008","Mujeres"
"Puebla",8209,389,522,705,1115,864,754,736,584,690,679,554,617,"2008","Mujeres"
"Queretaro",2369,81,117,81,318,264,308,234,205,234,257,132,138,"2008","Mujeres"
"QuintanaRoo",55,5,3,4,8,8,4,3,3,11,2,3,1,"2008","Mujeres"
"SanLuisPotosi",239,11,7,16,33,16,26,34,38,30,7,4,17,"2008","Mujeres"
"Sinaloa",4662,135,136,166,283,349,390,612,508,654,614,442,373,"2008","Mujeres"
"Sonora",2592,52,34,75,195,246,393,446,310,357,255,123,106,"2008","Mujeres"
"Tabasco",33,1,3,1,4,5,3,3,8,2,1,2,0,"2008","Mujeres"
"Tamaulipas",182,2,1,8,21,23,23,25,29,20,13,13,4,"2008","Mujeres"
"Tlaxcala",31,0,3,1,3,2,6,8,5,1,0,0,2,"2008","Mujeres"
"Veracruz",149,4,13,14,23,21,13,14,11,11,11,7,7,"2008","Mujeres"
"Yucatan",34,2,3,4,3,2,5,3,2,5,2,3,0,"2008","Mujeres"
"Zacatecas",2055,80,74,89,256,221,253,264,146,255,164,120,133,"2008","Mujeres"
"Total",139096,6866,7795,8968,17438,15120,14056,13470,10122,13129,12165,9906,10061,"2008","Mujeres"
"Aguascalientes",973,38,61,94,111,100,116,65,89,94,79,64,62,"2009","Mujeres"
"BajaCalifornia",108,0,2,4,1,10,16,22,19,21,7,4,2,"2009","Mujeres"
"BajaCaliforniaSur",47,4,1,3,2,8,6,5,1,11,3,2,1,"2009","Mujeres"
"Campeche",55,2,3,6,3,3,3,4,5,12,5,6,3,"2009","Mujeres"
"Coahuila",119,0,2,5,17,12,15,19,22,21,4,0,2,"2009","Mujeres"
"Colima",4685,320,280,371,309,426,464,424,340,496,452,423,380,"2009","Mujeres"
"Chiapas",240,11,26,14,20,21,20,19,20,26,18,18,27,"2009","Mujeres"
"Chihuahua",219,4,8,14,17,25,37,31,24,31,18,7,3,"2009","Mujeres"
"DistritoFederal",246,12,24,15,18,27,32,32,20,25,16,13,12,"2009","Mujeres"
"Durango",3106,149,150,257,312,402,474,313,303,273,205,140,128,"2009","Mujeres"
"Guanajuato",14169,478,728,1347,1542,1921,1848,1162,1253,1367,1036,837,650,"2009","Mujeres"
"Guerrero",23845,1157,1298,1954,1808,2263,2604,2087,1812,2391,2167,2334,1970,"2009","Mujeres"
"Hidalgo",116,6,5,10,12,13,14,16,8,14,11,5,2,"2009","Mujeres"
"Jalisco",27475,1336,1697,2843,2969,3033,3018,2119,2035,2611,2351,1945,1518,"2009","Mujeres"
"Mexico",4629,215,210,333,400,654,549,350,317,439,434,394,334,"2009","Mujeres"
"Michoacan",16910,798,864,1497,1532,1713,1846,1366,1346,1779,1598,1390,1181,"2009","Mujeres"
"Morelos",16394,747,899,1654,1817,1834,1749,1278,1295,1520,1428,1144,1029,"2009","Mujeres"
"Nayarit",6995,438,467,505,462,551,799,796,597,775,665,533,407,"2009","Mujeres"
"NuevoLeon",171,0,1,11,10,29,26,27,32,21,9,5,0,"2009","Mujeres"
"Oaxaca",3318,190,213,343,309,353,358,281,267,330,241,206,227,"2009","Mujeres"
"Puebla",8289,410,465,960,943,906,841,586,646,739,678,570,545,"2009","Mujeres"
"Queretaro",2096,70,127,192,219,295,260,179,183,200,146,105,120,"2009","Mujeres"
"QuintanaRoo",108,2,3,7,11,13,4,14,18,15,9,2,10,"2009","Mujeres"
"SanLuisPotosi",170,5,14,22,15,11,33,25,22,8,5,7,3,"2009","Mujeres"
"Sinaloa",4956,193,145,277,293,370,520,501,509,752,531,398,467,"2009","Mujeres"
"Sonora",2647,38,38,124,165,417,461,418,317,319,175,111,64,"2009","Mujeres"
"Tabasco",24,2,1,3,3,1,3,1,3,5,0,2,0,"2009","Mujeres"
"Tamaulipas",190,4,7,12,16,17,28,29,26,27,14,8,2,"2009","Mujeres"
"Tlaxcala",35,1,0,4,4,4,5,7,3,1,2,3,1,"2009","Mujeres"
"Veracruz",162,7,13,16,17,14,22,15,24,16,6,9,3,"2009","Mujeres"
"Yucatan",27,1,2,2,1,1,3,1,2,3,5,4,2,"2009","Mujeres"
"Zacatecas",1916,62,69,148,178,214,292,221,190,186,147,111,98,"2009","Mujeres"
"Total",144440,6700,7823,13047,13536,15661,16466,12413,11748,14528,12465,10800,9253,"2009","Mujeres"
"Aguascalientes",1053,30,32,67,96,184,152,93,115,139,58,52,35,"2010","Mujeres"
"BajaCalifornia",54,1,0,1,3,6,3,9,7,6,11,6,1,"2010","Mujeres"
"BajaCaliforniaSur",51,0,0,2,3,6,10,6,7,11,3,2,1,"2010","Mujeres"
"Campeche",56,2,3,7,11,7,5,2,8,4,4,1,2,"2010","Mujeres"
"Coahuila",157,1,0,5,15,31,33,18,23,15,9,4,3,"2010","Mujeres"
"Colima",4780,270,293,388,363,415,519,449,431,583,412,374,283,"2010","Mujeres"
"Chiapas",182,18,11,21,23,12,15,14,14,13,19,11,11,"2010","Mujeres"
"Chihuahua",213,13,4,6,18,19,26,37,25,32,17,11,5,"2010","Mujeres"
"DistritoFederal",308,15,22,24,37,44,40,19,28,27,20,17,15,"2010","Mujeres"
"Durango",3517,80,82,125,280,522,760,435,375,385,196,170,107,"2010","Mujeres"
"Guanajuato",16023,430,458,1329,1910,2877,2486,1269,1200,1528,1090,796,650,"2010","Mujeres"
"Guerrero",24296,1608,1461,2089,2133,2128,2875,2143,1987,2360,2244,1815,1453,"2010","Mujeres"
"Hidalgo",102,6,4,4,8,14,16,12,11,15,6,4,2,"2010","Mujeres"
"Jalisco",25667,1275,1132,2313,2513,3494,3481,1870,2103,2415,2234,1619,1218,"2010","Mujeres"
"Mexico",4315,192,167,338,379,503,660,309,308,464,463,309,223,"2010","Mujeres"
"Michoacan",16111,810,791,1573,1493,1995,2112,1231,1283,1608,1429,1003,783,"2010","Mujeres"
"Morelos",15722,676,717,1557,1760,2103,1924,1138,1167,1471,1464,937,808,"2010","Mujeres"
"Nayarit",6156,321,329,503,465,564,767,580,658,701,524,407,337,"2010","Mujeres"
"NuevoLeon",116,1,1,4,11,15,24,13,16,13,7,6,5,"2010","Mujeres"
"Oaxaca",3122,172,160,306,320,311,369,291,244,292,234,219,204,"2010","Mujeres"
"Puebla",8517,445,422,788,1063,1001,1112,710,729,648,644,451,504,"2010","Mujeres"
"Queretaro",2643,73,78,192,235,364,458,282,214,306,216,129,96,"2010","Mujeres"
"QuintanaRoo",117,1,2,10,5,16,14,12,8,21,15,7,6,"2010","Mujeres"
"SanLuisPotosi",149,5,0,13,13,22,33,17,18,9,8,7,4,"2010","Mujeres"
"Sinaloa",4827,188,189,312,312,366,516,510,598,736,550,326,224,"2010","Mujeres"
"Sonora",2528,28,52,92,137,256,603,379,357,338,134,83,69,"2010","Mujeres"
"Tabasco",37,1,2,2,5,1,7,6,5,6,0,1,1,"2010","Mujeres"
"Tamaulipas",169,6,2,9,12,24,40,10,18,28,12,3,5,"2010","Mujeres"
"Tlaxcala",35,0,0,2,3,7,3,6,3,5,1,4,1,"2010","Mujeres"
"Veracruz",135,6,5,6,13,20,32,15,7,15,10,4,2,"2010","Mujeres"
"Yucatan",41,0,5,5,4,1,0,6,4,9,4,1,2,"2010","Mujeres"
"Zacatecas",1948,53,57,114,171,220,370,240,204,223,147,84,65,"2010","Mujeres"
"Total",143147,6727,6481,12207,13814,17548,19465,12131,12175,14426,12185,8863,7125,"2010","Mujeres"
"Aguascalientes",1105,36,70,111,140,118,134,105,105,82,68,79,57,"2011","Mujeres"
"BajaCalifornia",67,5,1,3,3,6,6,6,19,8,7,1,2,"2011","Mujeres"
"BajaCaliforniaSur",69,1,2,7,5,6,13,5,10,9,3,7,1,"2011","Mujeres"
"Campeche",59,7,8,4,6,6,5,5,4,6,5,1,2,"2011","Mujeres"
"Coahuila",109,0,0,1,17,20,20,10,21,9,6,4,1,"2011","Mujeres"
"Colima",5265,303,297,390,428,483,578,463,567,535,511,437,273,"2011","Mujeres"
"Chiapas",208,20,11,16,19,15,19,10,19,26,25,17,11,"2011","Mujeres"
"Chihuahua",266,12,6,16,12,31,60,39,37,29,15,6,3,"2011","Mujeres"
"DistritoFederal",291,15,28,18,34,28,34,26,32,14,17,22,23,"2011","Mujeres"
"Durango",4033,102,198,311,419,580,837,350,506,248,176,189,117,"2011","Mujeres"
"Guanajuato",16543,482,811,1540,2225,2200,2115,1228,1513,1350,1142,1118,819,"2011","Mujeres"
"Guerrero",26066,1269,1440,2206,2201,2422,2809,2224,2679,2225,2266,2845,1480,"2011","Mujeres"
"Hidalgo",139,0,3,11,10,8,25,19,25,19,11,6,2,"2011","Mujeres"
"Jalisco",25788,1180,1535,2543,2947,3117,3292,1793,2316,2091,1846,1949,1179,"2011","Mujeres"
"Mexico",5029,144,178,402,493,615,608,384,405,468,522,553,257,"2011","Mujeres"
"Michoacan",16185,602,781,1397,1547,1845,1946,1214,1593,1595,1332,1558,775,"2011","Mujeres"
"Morelos",18389,609,908,1711,2181,2094,1943,1448,1845,1689,1542,1561,858,"2011","Mujeres"
"Nayarit",6283,226,222,416,439,541,849,659,702,671,614,619,325,"2011","Mujeres"
"NuevoLeon",123,0,0,2,17,16,24,15,19,12,8,8,2,"2011","Mujeres"
"Oaxaca",3037,149,199,320,295,314,349,269,296,213,171,285,177,"2011","Mujeres"
"Puebla",8039,350,478,866,869,837,841,637,824,671,555,716,395,"2011","Mujeres"
"Queretaro",3052,72,163,290,380,385,382,242,312,243,218,222,143,"2011","Mujeres"
"QuintanaRoo",135,3,9,21,11,10,18,11,17,15,11,8,1,"2011","Mujeres"
"SanLuisPotosi",148,6,3,8,14,6,20,29,25,16,10,8,3,"2011","Mujeres"
"Sinaloa",5283,161,148,263,282,415,603,550,809,707,640,517,188,"2011","Mujeres"
"Sonora",3420,31,46,183,256,291,777,496,530,369,254,154,33,"2011","Mujeres"
"Tabasco",37,1,2,5,5,2,4,4,6,2,0,6,0,"2011","Mujeres"
"Tamaulipas",205,4,5,17,15,19,30,33,31,18,19,10,4,"2011","Mujeres"
"Tlaxcala",38,1,1,0,4,5,6,7,8,2,2,1,1,"2011","Mujeres"
"Veracruz",153,4,2,24,21,13,12,27,27,9,6,3,5,"2011","Mujeres"
"Yucatan",45,4,7,3,4,4,2,2,8,4,2,4,1,"2011","Mujeres"
"Zacatecas",1877,64,78,167,219,254,263,196,197,142,120,115,62,"2011","Mujeres"
"Total",151486,5863,7640,13272,15518,16706,18624,12506,15507,13497,12124,13029,7200,"2011","Mujeres"
"Aguascalientes",1192,61,42,79,134,166,136,153,87,102,141,60,31,"2012","Mujeres"
"BajaCalifornia",69,1,1,5,3,8,2,4,19,15,7,4,0,"2012","Mujeres"
"BajaCaliforniaSur",89,1,3,6,2,17,11,13,13,12,4,6,1,"2012","Mujeres"
"Campeche",52,1,7,2,3,5,10,6,4,4,3,6,1,"2012","Mujeres"
"Coahuila",129,1,1,3,16,35,12,20,22,11,7,1,0,"2012","Mujeres"
"Colima",5313,390,329,337,269,590,476,609,446,448,622,447,350,"2012","Mujeres"
"Chiapas",187,15,9,11,13,37,18,15,13,17,11,14,14,"2012","Mujeres"
"Chihuahua",276,5,8,11,23,48,41,42,33,34,26,5,0,"2012","Mujeres"
"DistritoFederal",247,13,16,24,23,30,27,28,14,28,15,11,18,"2012","Mujeres"
"Durango",4109,194,143,189,403,750,617,481,388,293,321,217,113,"2012","Mujeres"
"Guanajuato",19510,1099,1120,1328,2347,3725,2154,1814,1436,1405,1702,741,639,"2012","Mujeres"
"Guerrero",29002,2114,1694,2197,2254,3276,2453,2791,2246,2406,3112,2652,1807,"2012","Mujeres"
"Hidalgo",148,5,7,6,12,15,20,18,19,20,16,6,4,"2012","Mujeres"
"Jalisco",26757,1778,1447,1984,2698,3960,2765,2320,1890,2162,2858,1605,1290,"2012","Mujeres"
"Mexico",5685,307,263,400,679,795,465,478,483,390,690,409,326,"2012","Mujeres"
"Michoacan",17603,1123,958,1290,1626,2534,1646,1584,1264,1355,1901,1266,1056,"2012","Mujeres"
"Morelos",16313,1043,1061,1542,1822,2219,1353,1462,1103,1262,1653,1061,732,"2012","Mujeres"
"Nayarit",7281,500,369,410,554,843,726,727,631,703,851,585,382,"2012","Mujeres"
"NuevoLeon",139,2,3,0,16,23,23,17,19,14,10,5,7,"2012","Mujeres"
"Oaxaca",3092,216,211,242,247,391,288,326,239,239,278,239,176,"2012","Mujeres"
"Puebla",8068,492,560,701,727,1110,719,707,578,708,716,593,457,"2012","Mujeres"
"Queretaro",2971,133,116,159,267,489,342,305,244,265,356,172,123,"2012","Mujeres"
"QuintanaRoo",62,6,9,9,8,2,7,4,5,6,2,3,1,"2012","Mujeres"
"SanLuisPotosi",237,10,5,23,31,34,32,31,16,29,11,13,2,"2012","Mujeres"
"Sinaloa",5716,195,186,198,319,580,561,747,618,697,860,456,299,"2012","Mujeres"
"Sonora",3724,97,46,126,253,641,740,525,410,383,302,132,69,"2012","Mujeres"
"Tabasco",50,3,4,5,4,10,3,5,4,4,3,2,3,"2012","Mujeres"
"Tamaulipas",323,5,9,10,31,63,38,52,28,40,23,16,8,"2012","Mujeres"
"Tlaxcala",36,4,1,2,5,5,4,6,4,2,1,2,0,"2012","Mujeres"
"Veracruz",159,7,15,14,18,30,13,12,12,14,9,12,3,"2012","Mujeres"
"Yucatan",36,3,10,3,1,1,3,2,3,4,5,0,1,"2012","Mujeres"
"Zacatecas",1876,84,63,114,178,274,236,247,164,153,163,123,77,"2012","Mujeres"
"Total",160451,9908,8716,11430,14986,22706,15941,15551,12455,13225,16679,10864,7990,"2012","Mujeres"
"Aguascalientes",1040,39,46,86,111,211,118,105,74,96,79,46,29,"2013","Mujeres"
"BajaCalifornia",89,1,1,1,3,7,10,20,10,21,14,1,0,"2013","Mujeres"
"BajaCaliforniaSur",37,3,2,3,2,7,1,4,2,6,4,1,2,"2013","Mujeres"
"Campeche",46,2,8,5,1,3,4,5,6,7,2,2,1,"2013","Mujeres"
"Coahuila",125,2,0,3,12,29,21,22,11,16,8,0,1,"2013","Mujeres"
"Colima",5144,385,303,335,381,503,449,541,405,431,651,412,348,"2013","Mujeres"
"Chiapas",213,20,14,23,20,27,22,24,21,10,11,12,9,"2013","Mujeres"
"Chihuahua",216,8,7,12,18,27,32,26,25,21,29,10,1,"2013","Mujeres"
"DistritoFederal",297,19,17,20,22,42,40,46,35,21,13,9,13,"2013","Mujeres"
"Durango",4958,156,193,329,470,881,762,610,440,364,375,197,181,"2013","Mujeres"
"Guanajuato",18304,839,1117,1346,2247,3046,2053,1850,1450,1281,1504,865,706,"2013","Mujeres"
"Guerrero",30627,2228,1739,1866,2570,3307,2814,2949,2180,2147,3602,3270,1955,"2013","Mujeres"
"Hidalgo",142,6,12,8,15,14,12,17,12,10,17,10,9,"2013","Mujeres"
"Jalisco",26769,1551,1551,1985,2952,4000,2608,2351,1905,1937,2973,1636,1320,"2013","Mujeres"
"Mexico",6058,459,286,306,519,852,596,501,417,453,727,517,425,"2013","Mujeres"
"Michoacan",18237,1210,1212,1247,1748,2403,1759,1612,1357,1273,1922,1407,1087,"2013","Mujeres"
"Morelos",16562,868,1052,1261,1940,2283,1418,1393,1131,1162,1812,1137,1105,"2013","Mujeres"
"Nayarit",7550,437,333,479,553,662,751,953,685,695,930,634,438,"2013","Mujeres"
"NuevoLeon",111,2,2,1,11,26,10,23,13,10,9,2,2,"2013","Mujeres"
"Oaxaca",3234,234,207,217,288,394,314,328,225,218,299,275,235,"2013","Mujeres"
"Puebla",7003,613,551,572,729,844,583,649,513,482,627,542,298,"2013","Mujeres"
"Queretaro",3137,159,203,194,373,490,299,359,261,222,311,147,119,"2013","Mujeres"
"QuintanaRoo",75,6,4,8,8,9,6,11,11,2,4,2,4,"2013","Mujeres"
"SanLuisPotosi",237,6,7,13,18,34,24,63,31,17,11,7,6,"2013","Mujeres"
"Sinaloa",5758,268,193,210,309,478,522,693,628,730,875,495,357,"2013","Mujeres"
"Sonora",3525,88,30,118,252,588,742,541,385,349,277,114,41,"2013","Mujeres"
"Tabasco",22,3,1,1,2,1,3,2,2,5,1,1,0,"2013","Mujeres"
"Tamaulipas",299,10,17,22,36,39,43,48,31,17,20,11,5,"2013","Mujeres"
"Tlaxcala",29,0,1,2,4,2,5,3,3,4,1,2,2,"2013","Mujeres"
"Veracruz",137,6,5,13,7,24,18,16,11,12,18,4,3,"2013","Mujeres"
"Yucatan",28,2,2,2,4,2,4,2,6,1,2,0,1,"2013","Mujeres"
"Zacatecas",2120,63,62,108,178,286,263,307,198,226,227,96,106,"2013","Mujeres"
"Total",162129,9693,9178,10796,15803,21521,16306,16074,12484,12246,17355,11864,8809,"2013","Mujeres"
