"Estado","Menor.a.1","Entre.1.y.4","Entre.5.y.9","Entre.10.y.14","Entre.15.y.19","Entre.20.y.24","Entre.25.y.44","Entre.45.y.49","Entre.50.y.59","Entre.60.y.64","Mayor.a.65","Ign","Total","Ano","Tipo"
"Aguascalientes ",10,119,188,217,187,137,335,64,104,34,95,0,1490,"2003","General"
"Baja California ",2,7,7,8,4,6,26,3,4,1,1,0,69,"2003","General"
"Baja California Sur",1,12,4,6,7,12,23,4,9,0,1,0,79,"2003","General"
"Campeche ",0,9,7,3,7,1,13,4,4,0,0,0,48,"2003","General"
"Coahuila ",2,5,6,7,14,12,34,1,2,0,0,0,83,"2003","General"
"Colima ",53,606,835,1172,1319,1097,3090,509,745,287,525,33,10271,"2003","General"
"Chiapas ",3,27,15,19,17,13,64,10,17,5,5,0,195,"2003","General"
"Chihuahua ",16,60,56,53,48,37,112,32,23,12,16,1,466,"2003","General"
"Distrito Federal ",2,20,34,30,29,33,86,12,15,4,3,0,268,"2003","General"
"Durango ",38,388,555,662,687,587,1480,297,358,175,280,5,5512,"2003","General"
"Guanajuato ",186,2062,2661,3080,3086,2722,6381,1027,1225,470,1032,141,24073,"2003","General"
"Guerrero ",295,2734,3313,3445,2646,2196,5116,1122,1404,710,1206,17,24204,"2003","General"
"Hidalgo ",3,13,35,23,31,28,83,15,20,7,18,0,276,"2003","General"
"Jalisco ",386,4299,5219,6107,5921,4756,12757,2012,3099,1307,2540,50,48453,"2003","General"
"Mexico",130,804,914,887,599,396,1099,208,282,133,211,2,5665,"2003","General"
"Michoacan",313,2901,3557,4107,3476,2622,6521,1235,1653,679,1501,23,28588,"2003","General"
"Morelos ",296,3026,3302,3894,3285,3155,7502,1566,1987,915,1758,55,30741,"2003","General"
"Nayarit ",131,1238,1575,1902,1795,1492,3916,695,967,442,889,10,15052,"2003","General"
"Nuevo Leon",4,22,63,73,66,63,129,24,12,4,6,0,466,"2003","General"
"Oaxaca ",29,348,487,588,459,343,980,209,296,154,359,4,4256,"2003","General"
"Puebla ",75,1257,1826,2118,1864,1338,3388,726,1126,491,1266,6,15481,"2003","General"
"Queretaro",78,412,415,495,421,528,1357,155,218,92,203,3,4377,"2003","General"
"Quintana Roo ",1,7,5,9,8,10,35,5,5,0,4,1,90,"2003","General"
"San Luis Potosi",1,16,22,34,23,23,78,15,21,6,19,0,258,"2003","General"
"Sinaloa ",99,765,833,823,746,663,1980,382,509,258,454,13,7525,"2003","General"
"Sonora ",1173,2028,1017,836,606,738,2562,415,831,312,869,0,11387,"2003","General"
"Tabasco ",1,3,2,9,5,6,14,3,1,0,0,0,44,"2003","General"
"Tamaulipas ",2,28,35,40,48,55,121,24,19,9,16,126,523,"2003","General"
"Tlaxcala ",0,3,3,4,4,5,11,1,0,0,0,0,31,"2003","General"
"Veracruz ",7,23,20,27,24,26,70,15,13,6,18,0,249,"2003","General"
"Yucatan",3,15,4,5,6,4,14,4,3,4,2,0,64,"2003","General"
"Zacatecas ",16,229,314,379,445,253,646,111,183,94,224,5,2899,"2003","General"
"Total",3356,23486,27329,31062,27883,23357,60023,10905,15155,6611,13521,495,243183,"2003","General"
"Aguascalientes ",13,232,360,442,352,275,628,84,148,86,181,1,2802,"2004","General"
"Baja California ",13,8,8,5,9,8,23,6,8,1,2,0,91,"2004","General"
"Baja California Sur",2,4,9,7,10,12,28,5,8,2,3,0,90,"2004","General"
"Campeche ",1,2,2,6,4,5,11,0,0,0,1,0,32,"2004","General"
"Coahuila ",3,11,11,11,14,16,42,4,7,3,2,0,124,"2004","General"
"Colima ",54,652,845,1243,1280,1185,3252,507,681,308,604,29,10640,"2004","General"
"Chiapas ",4,19,18,17,15,32,68,16,21,6,10,0,226,"2004","General"
"Chihuahua ",7,36,46,39,32,48,121,13,31,16,21,0,410,"2004","General"
"Distrito Federal ",0,28,35,48,33,47,111,18,13,4,11,0,348,"2004","General"
"Durango ",20,395,527,646,666,561,1410,248,346,156,266,2,5243,"2004","General"
"Guanajuato ",195,1921,2395,2900,2963,2631,6461,962,1306,553,950,17,23254,"2004","General"
"Guerrero ",295,3073,3812,4045,3328,2565,6396,1261,1680,884,1552,30,28921,"2004","General"
"Hidalgo ",2,10,30,33,28,26,79,14,20,8,9,1,260,"2004","General"
"Jalisco ",423,4118,4880,6030,5751,4688,12751,2053,3077,1356,2680,142,47949,"2004","General"
"Mexico",64,675,845,853,611,419,1073,220,202,120,231,6,5319,"2004","General"
"Michoacan",358,2395,3140,3316,2968,2281,5226,952,1309,562,1206,134,23847,"2004","General"
"Morelos ",293,2506,2909,3272,2849,2605,5975,1243,1651,724,1503,29,25559,"2004","General"
"Nayarit ",125,1151,1543,1723,1704,1382,3816,815,980,476,811,116,14642,"2004","General"
"Nuevo Leon",1,13,15,18,18,27,70,16,27,8,10,54,277,"2004","General"
"Oaxaca ",25,321,479,523,428,362,864,196,273,144,367,6,3988,"2004","General"
"Puebla ",93,1141,1587,2011,1731,1364,3134,690,1070,490,1200,344,14855,"2004","General"
"Queretaro",81,351,270,450,375,447,1319,142,229,65,154,1,3884,"2004","General"
"Quintana Roo ",0,6,11,10,9,5,38,3,3,0,3,0,88,"2004","General"
"San Luis Potosi",2,22,18,30,29,30,97,25,35,10,26,1,325,"2004","General"
"Sinaloa ",83,766,806,907,870,798,2229,362,546,248,542,6,8163,"2004","General"
"Sonora ",81,698,654,593,549,551,1438,294,345,156,256,4,5619,"2004","General"
"Tabasco ",0,4,1,4,2,9,4,3,0,0,1,0,28,"2004","General"
"Tamaulipas ",2,19,27,39,27,29,94,12,21,9,13,94,386,"2004","General"
"Tlaxcala ",0,5,0,18,4,6,10,0,0,1,3,0,47,"2004","General"
"Veracruz ",8,11,17,16,23,20,64,13,20,9,13,1,215,"2004","General"
"Yucatan",0,2,0,3,9,6,8,0,3,1,1,0,33,"2004","General"
"Zacatecas ",14,202,290,293,328,215,577,101,174,107,229,4,2534,"2004","General"
"Total",2262,20797,25590,29551,27019,22655,57417,10278,14234,6513,12861,1022,230199,"2004","General"
"Aguascalientes ",7,150,221,272,220,147,423,63,102,40,116,0,1761,"2005","General"
"Baja California ",1,17,21,13,12,21,40,6,10,6,2,0,149,"2005","General"
"Baja California Sur",4,10,7,10,13,13,46,8,3,0,5,0,119,"2005","General"
"Campeche ",2,3,2,3,2,5,12,2,2,2,1,0,36,"2005","General"
"Coahuila ",4,11,10,15,15,20,40,6,8,1,5,0,135,"2005","General"
"Colima ",47,555,767,1097,1223,1020,3027,479,672,264,546,29,9726,"2005","General"
"Chiapas ",6,31,14,26,30,29,90,23,15,11,11,0,286,"2005","General"
"Chihuahua ",6,36,48,37,26,28,73,23,23,7,18,0,325,"2005","General"
"Distrito Federal ",3,33,42,51,48,50,106,16,28,7,9,1,394,"2005","General"
"Durango ",25,420,581,730,728,590,1591,300,374,136,300,0,5775,"2005","General"
"Guanajuato ",183,2207,2855,3342,3167,2943,7396,1061,1544,566,1142,13,26419,"2005","General"
"Guerrero ",307,3426,4394,4653,3814,2822,7376,1483,2121,891,1836,31,33154,"2005","General"
"Hidalgo ",3,12,16,33,41,23,67,12,17,10,16,0,250,"2005","General"
"Jalisco ",372,4279,5278,6485,6022,4985,13493,2077,3194,1279,2805,44,50313,"2005","General"
"Mexico",53,782,886,936,665,432,1144,210,253,142,252,2,5757,"2005","General"
"Michoacan",207,2617,3335,3814,3422,2543,6273,1150,1592,646,1422,15,27036,"2005","General"
"Morelos ",274,2964,3770,3788,3554,3061,7774,1536,2095,950,1748,45,31559,"2005","General"
"Nayarit ",115,1078,1442,1601,1537,1327,3476,744,889,403,723,131,13466,"2005","General"
"Nuevo Leon",3,8,10,4,11,18,42,7,14,1,4,0,122,"2005","General"
"Oaxaca ",25,341,527,677,543,354,1019,202,353,183,461,7,4692,"2005","General"
"Puebla ",99,1302,1834,2277,2007,1468,3566,853,1238,536,1390,5,16575,"2005","General"
"Queretaro",39,298,325,408,376,438,1281,136,243,66,163,0,3773,"2005","General"
"Quintana Roo ",2,9,7,12,16,21,51,6,13,3,2,0,142,"2005","General"
"San Luis Potosi",2,22,23,28,32,26,113,19,28,6,23,1,323,"2005","General"
"Sinaloa ",54,579,706,762,684,589,1884,331,567,206,417,6,6785,"2005","General"
"Sonora ",88,666,617,540,555,460,1317,259,325,148,273,0,5248,"2005","General"
"Tabasco ",0,1,1,3,5,5,15,1,7,0,0,0,38,"2005","General"
"Tamaulipas ",4,15,38,40,20,50,89,13,24,2,10,2,307,"2005","General"
"Tlaxcala ",1,5,5,4,3,4,12,1,0,0,2,0,37,"2005","General"
"Veracruz ",3,15,9,13,14,37,45,12,20,6,5,0,179,"2005","General"
"Yucatan",0,5,1,5,6,6,21,5,4,1,4,0,58,"2005","General"
"Zacatecas ",25,242,324,389,374,318,679,165,212,89,220,0,3037,"2005","General"
"Total",1964,22139,28116,32068,29185,23853,62581,11209,15990,6608,13931,332,247976,"2005","General"
"Aguascalientes ",5,142,200,321,253,162,509,92,141,45,130,0,2000,"2006","General"
"Baja California ",2,8,18,10,13,12,46,2,5,1,3,0,120,"2006","General"
"Baja California Sur",1,14,10,14,20,23,35,5,11,6,5,0,144,"2006","General"
"Campeche ",0,1,0,3,5,5,15,1,3,1,1,0,35,"2006","General"
"Coahuila ",0,4,16,12,14,19,59,4,12,5,3,0,148,"2006","General"
"Colima ",40,592,810,1132,1273,1167,3248,474,715,283,577,32,10343,"2006","General"
"Chiapas ",3,15,11,21,33,19,52,19,14,7,16,1,211,"2006","General"
"Chihuahua ",5,51,41,33,25,23,94,18,27,8,24,0,349,"2006","General"
"Distrito Federal ",4,36,37,60,46,39,146,20,35,6,20,0,449,"2006","General"
"Durango ",40,437,617,762,800,651,1636,287,388,150,292,10,6070,"2006","General"
"Guanajuato ",185,2435,3527,4081,3787,3338,8926,1301,1902,771,1650,6,31909,"2006","General"
"Guerrero ",369,4112,5224,5602,4791,3682,9561,1764,2763,1132,2600,125,41725,"2006","General"
"Hidalgo ",0,11,28,18,24,17,94,14,21,10,18,0,255,"2006","General"
"Jalisco ",419,4788,6165,7309,6977,5826,16190,2618,3963,1683,3624,100,59662,"2006","General"
"Mexico",70,773,953,1053,833,563,1367,264,318,163,351,3,6711,"2006","General"
"Michoacan",257,3040,3784,4365,4024,3032,7564,1420,1899,741,1658,15,31799,"2006","General"
"Morelos ",177,2755,3541,4037,3584,3010,7720,1684,2289,1012,1889,89,31787,"2006","General"
"Nayarit ",118,1048,1451,1792,1733,1468,3975,757,1046,450,860,3,14701,"2006","General"
"Nuevo Leon",1,10,15,12,18,22,70,11,9,3,4,0,175,"2006","General"
"Oaxaca ",33,420,506,656,533,416,1080,261,367,181,518,9,4980,"2006","General"
"Puebla ",81,1314,1826,2385,2157,1494,3713,940,1329,622,1484,7,17352,"2006","General"
"Queretaro",40,299,370,418,471,471,1535,186,246,89,150,0,4275,"2006","General"
"Quintana Roo ",3,7,7,4,10,15,64,11,9,3,3,1,137,"2006","General"
"San Luis Potosi",9,35,30,32,33,30,125,25,33,18,25,2,397,"2006","General"
"Sinaloa ",51,586,743,875,835,682,2017,385,601,251,527,130,7683,"2006","General"
"Sonora ",53,581,608,529,523,427,1101,191,295,99,234,2,4643,"2006","General"
"Tabasco ",1,2,0,2,1,3,12,3,2,1,0,0,27,"2006","General"
"Tamaulipas ",0,27,37,31,31,39,104,17,23,3,14,0,326,"2006","General"
"Tlaxcala ",0,2,2,6,7,5,12,2,2,0,1,0,39,"2006","General"
"Veracruz ",5,27,23,25,22,19,74,15,22,6,15,1,254,"2006","General"
"Yucatan",3,6,4,8,6,7,16,3,2,1,6,0,62,"2006","General"
"Zacatecas ",18,336,442,452,475,379,889,175,224,128,307,5,3830,"2006","General"
"Total",1993,23914,31046,36060,33357,27065,72049,12969,18716,7879,17009,541,282598,"2006","General"
"Aguascalientes ",9,146,221,270,276,179,449,69,112,45,157,0,1933,"2007","General"
"Baja California ",1,9,8,11,20,16,51,5,10,2,6,1,140,"2007","General"
"Baja California Sur",0,16,16,10,12,15,45,7,8,3,2,0,134,"2007","General"
"Campeche ",0,4,3,4,5,5,17,2,2,1,1,0,44,"2007","General"
"Coahuila ",2,14,17,20,25,21,60,6,8,2,10,0,185,"2007","General"
"Colima ",46,479,704,979,1258,1088,3108,538,811,289,556,18,9874,"2007","General"
"Chiapas ",0,17,17,32,40,27,99,21,28,9,16,0,306,"2007","General"
"Chihuahua ",9,49,53,50,29,33,106,13,21,5,22,0,390,"2007","General"
"Distrito Federal ",1,29,47,63,58,51,138,24,28,5,18,0,462,"2007","General"
"Durango ",67,469,677,764,833,668,1807,310,410,185,342,4,6536,"2007","General"
"Guanajuato ",192,2313,3358,4004,4001,3469,9145,1403,2021,723,1644,15,32288,"2007","General"
"Guerrero ",326,3697,4814,5240,4521,3441,8895,1608,2586,1068,2390,86,38672,"2007","General"
"Hidalgo ",2,7,24,10,15,16,38,13,8,6,11,0,150,"2007","General"
"Jalisco ",334,4324,6119,6747,6566,5589,15151,2433,3665,1500,3374,84,55886,"2007","General"
"Mexico",75,759,892,886,777,526,1414,277,336,148,344,1,6435,"2007","General"
"Michoacan",216,2595,3261,3712,3553,2612,6690,1202,1623,653,1448,16,27581,"2007","General"
"Morelos ",173,2713,3515,3865,3779,2932,7941,1757,2551,1107,1987,33,32353,"2007","General"
"Nayarit ",132,1095,1507,1764,1922,1582,4329,842,1163,526,1040,6,15908,"2007","General"
"Nuevo Leon",0,16,29,11,24,24,73,5,11,5,6,0,204,"2007","General"
"Oaxaca ",30,451,558,662,625,476,1275,243,424,201,568,4,5517,"2007","General"
"Puebla ",59,1131,1578,1966,1880,1401,3124,784,1130,473,1332,35,14893,"2007","General"
"Queretaro",40,291,368,343,387,360,1220,170,241,91,157,0,3668,"2007","General"
"Quintana Roo ",2,8,9,7,12,11,38,4,7,2,3,0,103,"2007","General"
"San Luis Potosi",4,22,46,31,43,33,110,19,32,10,23,0,373,"2007","General"
"Sinaloa ",54,614,749,870,903,694,2109,422,654,247,577,10,7903,"2007","General"
"Sonora ",69,635,548,541,519,422,1174,215,315,101,268,2,4809,"2007","General"
"Tabasco ",0,4,3,2,6,9,9,1,3,1,2,1,41,"2007","General"
"Tamaulipas ",5,23,34,21,30,42,109,11,17,9,16,0,317,"2007","General"
"Tlaxcala ",2,2,4,3,10,6,19,2,2,0,2,1,53,"2007","General"
"Veracruz ",4,36,30,24,32,18,107,20,39,6,19,0,335,"2007","General"
"Yucatan",0,4,4,6,3,6,29,3,8,2,4,0,69,"2007","General"
"Zacatecas ",16,307,366,463,480,383,907,194,273,153,335,1,3878,"2007","General"
"Total",1870,22279,29579,33381,32644,26155,69786,12623,18547,7578,16680,318,271440,"2007","General"
"Aguascalientes ",10,131,223,272,311,198,429,95,125,48,144,0,1986,"2008","General"
"Baja California ",3,10,16,11,14,22,62,5,5,1,6,0,155,"2008","General"
"Baja California Sur",2,11,10,8,19,16,31,7,6,4,6,0,120,"2008","General"
"Campeche ",7,15,9,15,7,15,33,6,11,2,5,0,125,"2008","General"
"Coahuila ",1,19,21,14,21,23,61,10,12,1,2,0,185,"2008","General"
"Colima ",47,543,787,1020,1318,1308,3221,573,780,270,481,13,10361,"2008","General"
"Chiapas ",6,26,27,31,42,36,109,28,50,12,24,0,391,"2008","General"
"Chihuahua ",12,54,56,34,42,38,115,13,23,3,13,10,413,"2008","General"
"Distrito Federal ",2,36,47,60,56,43,159,23,28,8,18,1,481,"2008","General"
"Durango ",36,445,564,691,801,700,1789,349,405,152,322,0,6254,"2008","General"
"Guanajuato ",194,2273,3082,3508,3482,2967,7834,1186,1729,746,1624,7,28632,"2008","General"
"Guerrero ",293,3756,5032,5513,4919,3486,9226,1705,2555,1093,2547,16,40141,"2008","General"
"Hidalgo ",0,6,18,29,20,26,83,10,16,5,15,0,228,"2008","General"
"Jalisco ",339,4253,5671,6326,6525,5466,14829,2489,3672,1418,3121,68,54177,"2008","General"
"Mexico",65,907,1114,1114,1006,684,1789,334,471,190,442,3,8119,"2008","General"
"Michoacan",232,2781,3530,4016,3814,2993,7530,1387,1856,720,1705,137,30701,"2008","General"
"Morelos ",152,2541,3344,3488,3671,3135,7367,1845,2400,978,1783,16,30720,"2008","General"
"Nayarit ",91,991,1276,1673,1917,1458,4239,827,1207,443,1003,3,15128,"2008","General"
"Nuevo Leon",3,17,17,11,16,26,102,11,18,3,9,0,233,"2008","General"
"Oaxaca ",35,424,542,704,715,484,1402,318,439,206,575,3,5847,"2008","General"
"Puebla ",67,1189,1631,1863,1977,1446,3347,798,1187,543,1392,3,15443,"2008","General"
"Queretaro",35,327,317,459,440,446,1454,181,281,89,199,0,4228,"2008","General"
"Quintana Roo ",0,7,6,7,6,13,31,5,7,0,4,0,86,"2008","General"
"San Luis Potosi",2,19,21,41,25,33,107,30,32,18,25,0,353,"2008","General"
"Sinaloa ",72,620,730,847,1027,881,2344,497,641,258,569,1,8487,"2008","General"
"Sonora ",63,473,471,481,497,402,1066,218,286,100,188,3,4248,"2008","General"
"Tabasco ",0,3,3,3,9,5,24,0,4,0,2,0,53,"2008","General"
"Tamaulipas ",4,30,27,30,24,34,107,15,13,11,12,0,307,"2008","General"
"Tlaxcala ",0,3,3,3,7,7,24,2,2,0,1,0,52,"2008","General"
"Veracruz ",4,16,23,18,25,29,63,13,30,8,13,0,242,"2008","General"
"Yucatan",0,7,3,5,5,6,26,3,6,1,1,0,63,"2008","General"
"Zacatecas ",23,289,376,435,473,406,1008,222,296,141,343,5,4017,"2008","General"
"Total",1800,22222,28997,32730,33231,26832,70011,13205,18593,7472,16594,289,271976,"2008","General"
"Aguascalientes ",6,137,196,251,259,220,474,83,102,68,116,0,1912,"2009","General"
"Baja California ",3,13,13,24,23,25,68,11,10,2,12,0,204,"2009","General"
"Baja California Sur",0,10,6,8,11,12,31,3,10,1,7,0,99,"2009","General"
"Campeche ",0,4,1,3,10,18,29,4,7,6,5,0,87,"2009","General"
"Coahuila ",1,23,28,19,35,29,52,8,8,1,1,0,205,"2009","General"
"Colima ",41,586,673,957,1258,1229,3245,578,812,288,508,7,10182,"2009","General"
"Chiapas ",2,37,25,21,31,48,121,23,41,12,24,0,385,"2009","General"
"Chihuahua ",9,60,43,42,40,42,92,27,21,13,15,1,405,"2009","General"
"Distrito Federal ",2,26,40,54,46,58,158,20,36,6,14,0,460,"2009","General"
"Durango ",38,380,540,639,765,669,1685,301,409,149,321,0,5896,"2009","General"
"Guanajuato ",132,2003,2791,3378,3527,2844,7151,1188,1525,554,1253,0,26346,"2009","General"
"Guerrero ",286,4175,5449,6194,6054,4367,11658,2122,3344,1278,3172,60,48159,"2009","General"
"Hidalgo ",0,9,9,20,18,19,63,15,24,4,15,0,196,"2009","General"
"Jalisco ",351,4148,5568,6164,6735,5948,16227,2543,4064,1585,3361,86,56780,"2009","General"
"Mexico",76,947,1284,1244,1277,859,1964,389,501,226,491,2,9260,"2009","General"
"Michoacan",262,2887,3688,4091,4269,3473,8606,1506,2178,870,1912,9,33751,"2009","General"
"Morelos ",146,2640,3464,3610,3962,3434,8434,1786,2768,1041,2087,43,33415,"2009","General"
"Nayarit ",89,1004,1232,1607,1902,1647,4408,843,1119,488,1018,128,15485,"2009","General"
"Nuevo Leon",3,18,18,26,20,31,134,9,12,10,9,0,290,"2009","General"
"Oaxaca ",38,389,576,646,671,523,1331,311,474,202,608,6,5775,"2009","General"
"Puebla ",69,1116,1559,1786,1961,1565,3597,866,1306,549,1343,2,15719,"2009","General"
"Queretaro",37,288,331,402,410,388,1425,192,294,88,163,0,4018,"2009","General"
"Quintana Roo ",4,15,11,11,12,23,70,14,12,6,8,0,186,"2009","General"
"San Luis Potosi",4,19,26,33,27,28,98,13,35,8,21,0,312,"2009","General"
"Sinaloa ",71,654,817,974,1027,904,2402,521,788,353,644,4,9159,"2009","General"
"Sonora ",43,497,505,513,485,398,1060,187,313,104,238,140,4483,"2009","General"
"Tabasco ",0,5,5,3,4,3,14,2,3,3,4,0,46,"2009","General"
"Tamaulipas ",3,29,30,23,23,28,117,17,18,5,11,3,307,"2009","General"
"Tlaxcala ",0,9,6,5,6,6,19,3,3,1,5,0,63,"2009","General"
"Veracruz ",4,21,13,20,28,35,88,22,32,15,22,0,300,"2009","General"
"Yucatan",0,1,2,4,6,3,10,5,7,2,3,0,43,"2009","General"
"Zacatecas ",14,255,349,403,430,408,949,215,264,124,317,10,3738,"2009","General"
"Total",1734,22405,29298,33175,35332,29284,75780,13827,20540,8062,17728,501,287666,"2009","General"
"Aguascalientes ",4,134,200,263,331,228,523,90,129,48,129,0,2079,"2010","General"
"Baja California ",0,7,11,12,7,24,29,8,13,1,4,0,116,"2010","General"
"Baja California Sur",0,6,11,8,10,12,26,3,3,1,3,0,83,"2010","General"
"Campeche ",0,3,7,5,11,11,27,5,4,5,9,1,88,"2010","General"
"Coahuila ",1,15,25,19,32,39,99,8,20,3,3,1,265,"2010","General"
"Colima ",49,578,705,956,1245,1296,3413,597,882,320,647,20,10708,"2010","General"
"Chiapas ",2,19,21,24,31,28,102,17,37,5,27,0,313,"2010","General"
"Chihuahua ",5,45,37,48,34,48,105,13,32,7,23,0,397,"2010","General"
"Distrito Federal ",2,42,45,56,66,53,181,29,35,17,16,0,542,"2010","General"
"Durango ",48,402,599,720,896,859,2005,370,463,224,379,0,6965,"2010","General"
"Guanajuato ",154,2291,3014,3704,4019,3147,7963,1310,1649,616,1383,0,29250,"2010","General"
"Guerrero ",326,4043,5253,6127,5884,4515,11687,2182,3351,1303,3007,45,47723,"2010","General"
"Hidalgo ",2,4,12,18,19,20,56,11,11,3,14,0,170,"2010","General"
"Jalisco ",317,3907,4952,5805,6215,5616,14658,2419,3633,1380,3216,130,52248,"2010","General"
"Mexico",55,903,1048,1103,1111,794,1819,366,457,178,436,9,8279,"2010","General"
"Michoacan",335,2818,3295,3820,4003,3390,8290,1382,1999,801,1787,25,31945,"2010","General"
"Morelos ",156,2321,3231,3468,3731,3142,7911,1732,2490,785,1895,80,30942,"2010","General"
"Nayarit ",80,955,1136,1448,1687,1525,3765,798,988,435,819,3,13639,"2010","General"
"Nuevo Leon",2,15,15,17,14,19,79,9,17,3,4,0,194,"2010","General"
"Oaxaca ",40,406,524,609,628,557,1269,269,423,191,573,4,5493,"2010","General"
"Puebla ",70,1083,1524,1761,2000,1576,3798,816,1304,548,1437,32,15949,"2010","General"
"Queretaro",40,251,287,434,523,526,1755,280,376,124,241,0,4837,"2010","General"
"Quintana Roo ",1,13,13,13,20,25,79,13,9,2,2,0,190,"2010","General"
"San Luis Potosi",2,17,14,12,39,26,64,17,19,7,16,0,233,"2010","General"
"Sinaloa ",42,614,717,918,1018,888,2341,529,807,332,608,2,8816,"2010","General"
"Sonora ",43,452,471,437,465,418,1071,200,337,113,232,3,4242,"2010","General"
"Tabasco ",0,1,3,7,2,10,17,3,5,3,2,0,53,"2010","General"
"Tamaulipas ",3,28,22,16,30,38,83,10,27,6,9,0,272,"2010","General"
"Tlaxcala ",0,2,7,10,12,4,13,3,8,2,2,0,63,"2010","General"
"Veracruz ",2,17,13,13,26,32,74,14,22,8,21,0,242,"2010","General"
"Yucatan",0,9,7,4,5,5,22,8,5,2,3,0,70,"2010","General"
"Zacatecas ",13,281,338,402,484,396,934,186,271,104,336,9,3754,"2010","General"
"Total",1794,21682,27557,32257,34598,29267,74258,13697,19826,7577,17283,364,280160,"2010","General"
"Aguascalientes ",7,144,178,271,302,218,564,87,133,48,136,0,2088,"2011","General"
"Baja California ",1,6,24,15,12,11,40,7,7,4,2,0,129,"2011","General"
"Baja California Sur",1,7,7,7,8,16,40,5,11,2,2,0,106,"2011","General"
"Campeche ",0,9,4,9,12,11,30,5,10,3,1,0,94,"2011","General"
"Coahuila ",1,19,17,17,20,28,68,15,12,2,4,0,203,"2011","General"
"Colima ",63,653,825,1095,1355,1392,3845,599,970,315,653,16,11781,"2011","General"
"Chiapas ",5,33,20,25,32,35,119,19,30,13,32,0,363,"2011","General"
"Chihuahua ",11,60,43,50,44,52,120,15,24,15,17,0,451,"2011","General"
"Distrito Federal ",4,29,47,59,54,58,167,28,29,12,25,1,513,"2011","General"
"Durango ",38,441,651,779,969,922,2187,432,570,240,440,0,7669,"2011","General"
"Guanajuato ",143,2606,3179,3964,3974,3318,8116,1339,1824,687,1392,6,30548,"2011","General"
"Guerrero ",336,4140,5523,6505,6514,5058,12575,2333,3612,1383,3274,31,51284,"2011","General"
"Hidalgo ",2,14,18,27,27,23,64,8,20,1,15,0,219,"2011","General"
"Jalisco ",352,4094,5019,5719,6178,5602,14856,2409,3550,1359,2957,119,52214,"2011","General"
"Mexico",83,1019,1238,1313,1197,969,2270,393,548,241,505,5,9781,"2011","General"
"Michoacan",273,2623,3286,3655,4109,3435,8672,1543,2024,846,1634,6,32106,"2011","General"
"Morelos ",130,2700,3605,4029,4521,3759,9566,2003,3053,949,2193,103,36611,"2011","General"
"Nayarit ",176,947,1122,1348,1620,1463,3986,690,995,428,867,3,13645,"2011","General"
"Nuevo Leon",0,19,19,19,24,30,88,9,12,1,6,0,227,"2011","General"
"Oaxaca ",27,376,518,581,600,530,1283,292,475,187,534,6,5409,"2011","General"
"Puebla ",62,1036,1481,1645,1848,1529,3618,798,1281,575,1359,7,15239,"2011","General"
"Queretaro",37,399,405,516,627,584,1840,291,478,160,266,0,5603,"2011","General"
"Quintana Roo ",3,16,14,10,20,30,102,16,13,2,9,1,236,"2011","General"
"San Luis Potosi",1,12,22,21,29,31,81,21,27,3,19,0,267,"2011","General"
"Sinaloa ",50,662,789,1001,1089,946,2567,548,809,402,644,14,9521,"2011","General"
"Sonora ",63,591,634,622,576,547,1426,263,436,166,264,4,5592,"2011","General"
"Tabasco ",1,7,6,6,0,12,21,3,5,2,3,0,66,"2011","General"
"Tamaulipas ",3,23,30,30,33,26,113,23,26,12,16,2,337,"2011","General"
"Tlaxcala ",0,1,9,7,5,13,21,0,2,0,5,0,63,"2011","General"
"Veracruz ",1,13,16,23,18,22,95,11,27,8,23,1,258,"2011","General"
"Yucatan",0,0,0,8,2,9,32,4,8,2,8,0,73,"2011","General"
"Zacatecas ",21,256,344,376,433,407,945,193,280,129,310,2,3696,"2011","General"
"Total",1895,22955,29093,33752,36252,31086,79517,14402,21301,8197,17615,327,296392,"2011","General"
"Aguascalientes ",9,135,197,292,335,262,599,93,172,61,140,0,2295,"2012","General"
"Baja California ",1,9,9,19,16,14,44,5,8,4,2,0,131,"2012","General"
"Baja California Sur",2,13,13,10,15,16,54,4,8,4,4,0,143,"2012","General"
"Campeche ",1,4,1,3,7,11,24,6,6,5,14,0,82,"2012","General"
"Coahuila ",2,15,23,26,17,36,91,12,8,1,0,0,231,"2012","General"
"Colima ",37,613,747,964,1412,1368,4035,627,1071,347,743,151,12115,"2012","General"
"Chiapas ",4,16,10,26,40,41,120,17,26,9,22,0,331,"2012","General"
"Chihuahua ",11,66,48,46,50,44,137,29,20,9,25,0,485,"2012","General"
"Distrito Federal ",1,22,40,59,58,48,129,25,41,19,12,1,455,"2012","General"
"Durango ",48,523,659,823,1058,937,2247,469,545,216,420,0,7945,"2012","General"
"Guanajuato ",206,2920,3866,4695,3980,3626,9675,1663,2323,773,1745,18,35490,"2012","General"
"Guerrero ",384,4939,6192,6987,7258,5735,14566,2607,4089,1514,3619,32,57922,"2012","General"
"Hidalgo ",3,16,14,34,19,22,72,21,19,11,18,0,249,"2012","General"
"Jalisco ",320,4025,4969,5967,6010,5921,15533,2591,3983,1456,2999,82,53856,"2012","General"
"Mexico",84,1164,1303,1440,1322,1081,2343,397,613,225,554,254,10780,"2012","General"
"Michoacan",292,2941,3355,3797,4250,3982,8904,1753,2307,983,1802,9,34375,"2012","General"
"Morelos ",112,2418,3297,3753,3974,3536,8464,1596,2479,866,1821,39,32355,"2012","General"
"Nayarit ",104,1061,1392,1503,1827,1752,4581,864,1257,497,1066,5,15909,"2012","General"
"Nuevo Leon",2,13,16,18,24,39,85,11,18,5,8,0,239,"2012","General"
"Oaxaca ",21,369,490,548,631,507,1294,328,446,195,574,7,5410,"2012","General"
"Puebla ",69,1018,1417,1708,1892,1641,3616,822,1231,549,1367,12,15342,"2012","General"
"Queretaro",14,300,366,448,569,633,2026,358,488,139,301,0,5642,"2012","General"
"Quintana Roo ",2,5,9,7,11,19,32,9,6,1,4,2,107,"2012","General"
"San Luis Potosi",0,23,27,38,35,43,118,22,39,12,49,0,406,"2012","General"
"Sinaloa ",56,751,882,1005,1078,1090,2935,607,936,397,807,6,10550,"2012","General"
"Sonora ",62,601,684,673,638,589,1609,314,520,175,295,6,6166,"2012","General"
"Tabasco ",1,6,5,3,3,18,30,1,8,1,0,0,76,"2012","General"
"Tamaulipas ",8,44,39,35,43,53,169,30,43,14,39,1,518,"2012","General"
"Tlaxcala ",0,3,1,5,4,12,17,3,6,2,4,1,58,"2012","General"
"Veracruz ",1,24,12,21,28,29,75,12,36,9,22,0,269,"2012","General"
"Yucatan",0,3,8,4,4,8,21,1,5,3,2,0,59,"2012","General"
"Zacatecas ",11,248,329,383,375,389,913,196,269,130,321,4,3568,"2012","General"
"Total",1868,24308,30420,35340,36983,33502,84558,15493,23026,8632,18799,630,313559,"2012","General"
"Aguascalientes ",14,145,205,211,272,228,493,117,139,64,134,0,2022,"2013","General"
"Baja California ",2,16,16,10,15,21,55,4,9,2,2,0,152,"2013","General"
"Baja California Sur",1,5,5,10,4,10,15,3,7,1,0,0,61,"2013","General"
"Campeche ",0,4,7,2,4,8,29,3,8,4,6,0,75,"2013","General"
"Coahuila ",4,17,12,24,21,34,81,8,14,3,7,0,225,"2013","General"
"Colima ",59,603,751,1020,1391,1330,3843,676,1011,353,676,4,11717,"2013","General"
"Chiapas ",2,15,30,25,17,30,121,23,51,11,24,0,349,"2013","General"
"Chihuahua ",8,48,43,45,40,36,105,22,24,9,17,0,397,"2013","General"
"Distrito Federal ",4,32,62,53,65,66,169,34,39,13,21,0,558,"2013","General"
"Durango ",68,591,750,999,1194,1113,2781,516,691,311,602,0,9616,"2013","General"
"Guanajuato ",205,2721,3574,4221,3731,3371,9234,1484,2215,770,1802,21,33349,"2013","General"
"Guerrero ",354,4994,6172,7323,7764,6362,15676,3059,4522,1725,4108,47,62106,"2013","General"
"Hidalgo ",1,15,31,23,26,28,67,10,17,9,10,0,237,"2013","General"
"Jalisco ",362,4248,4910,5764,5969,5782,15693,2618,4154,1457,3284,62,54303,"2013","General"
"Mexico",67,1142,1438,1407,1359,1176,2747,494,740,286,651,131,11638,"2013","General"
"Michoacan",219,3139,3478,3976,4086,4001,9373,1846,2453,931,1908,116,35526,"2013","General"
"Morelos ",96,2312,3147,3663,3975,3595,9130,1775,2818,1045,2151,61,33768,"2013","General"
"Nayarit ",229,1177,1349,1588,1653,1816,4423,990,1285,658,1118,68,16354,"2013","General"
"Nuevo Leon",2,9,14,14,14,15,75,8,13,3,12,0,179,"2013","General"
"Oaxaca ",23,409,517,581,591,563,1395,323,505,220,572,7,5706,"2013","General"
"Puebla ",70,927,1133,1384,1609,1436,3357,768,1138,504,1165,7,13498,"2013","General"
"Queretaro",23,268,313,460,602,712,2064,306,513,163,329,0,5753,"2013","General"
"Quintana Roo ",1,13,5,4,14,15,45,7,12,1,6,1,124,"2013","General"
"San Luis Potosi",4,20,25,25,39,43,113,18,41,15,35,0,378,"2013","General"
"Sinaloa ",51,695,809,998,1071,1047,2904,624,936,352,711,5,10203,"2013","General"
"Sonora ",68,625,616,641,619,550,1517,300,484,161,298,6,5885,"2013","General"
"Tabasco ",0,4,5,1,3,5,14,2,4,1,1,0,40,"2013","General"
"Tamaulipas ",5,44,34,52,49,45,152,27,40,15,36,1,500,"2013","General"
"Tlaxcala ",0,1,3,4,5,6,15,7,6,2,3,0,52,"2013","General"
"Veracruz ",4,12,19,8,27,29,84,14,24,9,14,0,244,"2013","General"
"Yucatan",0,2,3,1,6,6,9,2,7,3,4,0,43,"2013","General"
"Zacatecas ",22,278,347,456,495,443,1062,262,305,154,362,2,4188,"2013","General"
"Total",1968,24531,29823,34993,36730,33922,86841,16350,24225,9255,20069,539,319246,"2013","General"
"Aguascalientes ",7,76,118,134,104,64,155,23,57,23,54,0,815,"2003","Hombres"
"Baja California ",1,6,2,2,2,1,10,1,1,1,0,0,27,"2003","Hombres"
"Baja California Sur",0,5,2,5,2,5,14,2,4,0,1,0,40,"2003","Hombres"
"Campeche ",0,6,1,0,2,0,4,1,0,0,0,0,14,"2003","Hombres"
"Coahuila ",1,4,5,3,3,5,12,0,1,0,0,0,34,"2003","Hombres"
"Colima ",35,340,459,677,706,600,1653,281,394,159,301,22,5627,"2003","Hombres"
"Chiapas ",2,13,10,6,7,6,26,4,4,2,5,0,85,"2003","Hombres"
"Chihuahua ",11,35,28,27,18,13,37,16,9,8,8,1,211,"2003","Hombres"
"Distrito Federal ",1,8,19,17,17,17,37,6,6,0,1,0,129,"2003","Hombres"
"Durango ",15,206,294,357,359,287,727,150,174,86,147,2,2804,"2003","Hombres"
"Guanajuato ",106,1116,1351,1564,1490,1218,2712,488,531,237,474,13,11300,"2003","Hombres"
"Guerrero ",155,1461,1807,1906,1460,1056,2331,513,665,340,622,8,12324,"2003","Hombres"
"Hidalgo ",2,6,25,10,14,8,29,5,5,3,13,0,120,"2003","Hombres"
"Jalisco ",212,2431,2897,3401,3182,2319,6018,925,1571,712,1371,37,25076,"2003","Hombres"
"Mexico",64,440,522,495,297,175,482,101,119,55,101,1,2852,"2003","Hombres"
"Michoacan",151,1552,1915,2278,1811,1195,2987,554,776,343,840,8,14410,"2003","Hombres"
"Morelos ",162,1667,1807,2145,1703,1476,3537,752,1008,528,1005,29,15819,"2003","Hombres"
"Nayarit ",71,659,853,1117,1072,813,2063,399,539,261,565,5,8417,"2003","Hombres"
"Nuevo Leon",1,13,32,37,27,36,55,14,3,2,3,0,223,"2003","Hombres"
"Oaxaca ",16,193,271,301,206,134,343,76,119,60,159,4,1882,"2003","Hombres"
"Puebla ",41,708,965,1205,931,569,1446,359,517,237,611,5,7594,"2003","Hombres"
"Queretaro",43,242,244,273,194,246,585,58,98,40,94,1,2118,"2003","Hombres"
"Quintana Roo ",1,3,4,6,2,5,8,3,3,0,1,0,36,"2003","Hombres"
"San Luis Potosi",0,10,16,18,12,14,24,5,8,4,9,0,120,"2003","Hombres"
"Sinaloa ",58,436,445,425,331,252,715,156,191,117,233,5,3364,"2003","Hombres"
"Sonora ",604,1086,497,394,223,264,813,121,246,103,360,0,4711,"2003","Hombres"
"Tabasco ",0,1,1,2,2,3,6,1,0,0,0,0,16,"2003","Hombres"
"Tamaulipas ",2,19,23,24,23,32,70,12,14,2,7,1,229,"2003","Hombres"
"Tlaxcala ",0,2,1,2,3,2,6,1,0,0,0,0,17,"2003","Hombres"
"Veracruz ",4,13,8,15,7,9,22,6,7,3,10,0,104,"2003","Hombres"
"Yucatan",0,6,2,2,2,2,2,2,3,2,0,0,23,"2003","Hombres"
"Zacatecas ",8,119,157,217,227,126,315,48,96,43,122,4,1482,"2003","Hombres"
"Total",1774,12882,14781,17065,14439,10952,27244,5083,7169,3371,7117,146,122023,"2003","Hombres"
"Aguascalientes ",11,178,298,349,256,187,451,59,111,67,131,1,2099,"2004","Hombres"
"Baja California ",6,5,5,2,4,5,10,2,2,0,0,0,41,"2004","Hombres"
"Baja California Sur",2,4,7,4,3,7,14,1,0,0,0,0,42,"2004","Hombres"
"Campeche ",1,2,2,1,0,3,3,0,0,0,0,0,12,"2004","Hombres"
"Coahuila ",3,5,7,8,7,9,21,2,4,2,2,0,70,"2004","Hombres"
"Colima ",27,348,469,716,695,604,1662,276,389,178,340,17,5721,"2004","Hombres"
"Chiapas ",2,11,14,9,8,19,37,7,13,3,4,0,127,"2004","Hombres"
"Chihuahua ",4,20,26,21,12,28,47,6,12,3,7,0,186,"2004","Hombres"
"Distrito Federal ",0,13,25,20,15,19,46,7,6,2,5,0,158,"2004","Hombres"
"Durango ",5,203,278,367,342,267,678,125,175,82,148,2,2672,"2004","Hombres"
"Guanajuato ",103,1056,1243,1495,1387,1155,2730,402,557,266,449,7,10850,"2004","Hombres"
"Guerrero ",161,1707,2081,2312,1749,1211,2861,567,792,453,803,19,14716,"2004","Hombres"
"Hidalgo ",2,6,16,16,16,14,25,5,8,2,5,0,115,"2004","Hombres"
"Jalisco ",244,2306,2693,3278,3040,2284,5957,1034,1514,696,1442,21,24509,"2004","Hombres"
"Mexico",38,355,476,512,322,194,448,123,90,51,111,2,2722,"2004","Hombres"
"Michoacan",223,1305,1717,1838,1513,1064,2309,440,635,272,638,3,11957,"2004","Hombres"
"Morelos ",156,1380,1614,1819,1546,1274,2924,632,877,383,880,20,13505,"2004","Hombres"
"Nayarit ",71,610,828,1004,999,718,2119,470,573,292,517,4,8205,"2004","Hombres"
"Nuevo Leon",1,6,11,6,9,11,26,7,9,5,4,0,95,"2004","Hombres"
"Oaxaca ",11,164,239,247,194,135,303,82,95,61,155,5,1691,"2004","Hombres"
"Puebla ",50,586,846,1061,897,590,1374,312,513,227,575,12,7043,"2004","Hombres"
"Queretaro",39,204,157,243,216,202,569,63,100,22,72,1,1888,"2004","Hombres"
"Quintana Roo ",0,4,10,3,7,2,15,1,1,0,2,0,45,"2004","Hombres"
"San Luis Potosi",2,15,12,16,13,12,31,12,5,5,14,0,137,"2004","Hombres"
"Sinaloa ",48,396,457,494,393,354,928,165,223,129,264,4,3855,"2004","Hombres"
"Sonora ",45,362,332,276,239,210,512,94,116,47,101,3,2337,"2004","Hombres"
"Tabasco ",0,2,1,2,0,0,2,3,0,0,1,0,11,"2004","Hombres"
"Tamaulipas ",1,12,10,16,11,12,34,4,7,1,3,0,111,"2004","Hombres"
"Tlaxcala ",0,3,0,2,3,4,5,0,0,0,2,0,19,"2004","Hombres"
"Veracruz ",1,6,6,9,10,7,23,1,12,1,4,0,80,"2004","Hombres"
"Yucatan",0,1,0,1,1,2,1,0,1,1,0,0,8,"2004","Hombres"
"Zacatecas ",6,114,162,151,174,99,277,49,79,52,117,3,1283,"2004","Hombres"
"Total",1263,11389,14042,16298,14081,10702,26442,4951,6919,3303,6796,124,116310,"2004","Hombres"
"Aguascalientes ",4,86,115,153,98,60,171,32,58,20,56,0,853,"2005","Hombres"
"Baja California ",1,8,12,8,4,13,14,2,7,2,0,0,71,"2005","Hombres"
"Baja California Sur",3,5,2,5,7,6,23,1,2,0,2,0,56,"2005","Hombres"
"Campeche ",1,1,0,2,1,2,4,0,1,0,0,0,12,"2005","Hombres"
"Coahuila ",2,7,6,6,7,8,18,4,7,1,5,0,71,"2005","Hombres"
"Colima ",27,317,432,606,654,547,1559,232,364,157,304,19,5218,"2005","Hombres"
"Chiapas ",4,17,8,12,12,8,35,10,8,6,8,0,128,"2005","Hombres"
"Chihuahua ",4,13,23,14,11,14,33,12,8,2,9,0,143,"2005","Hombres"
"Distrito Federal ",2,15,22,19,26,19,41,10,10,3,2,1,170,"2005","Hombres"
"Durango ",10,220,334,409,349,284,686,148,165,62,122,0,2789,"2005","Hombres"
"Guanajuato ",98,1234,1472,1710,1477,1311,3008,425,628,247,511,5,12126,"2005","Hombres"
"Guerrero ",143,1858,2403,2618,1942,1286,3286,676,939,443,898,14,16506,"2005","Hombres"
"Hidalgo ",0,4,11,12,17,9,25,5,4,4,8,0,99,"2005","Hombres"
"Jalisco ",215,2399,2897,3530,3102,2358,5984,922,1521,652,1467,24,25071,"2005","Hombres"
"Mexico",30,403,495,512,330,187,470,93,135,57,116,2,2830,"2005","Hombres"
"Michoacan",110,1392,1792,2115,1749,1139,2812,516,731,329,748,10,13443,"2005","Hombres"
"Morelos ",138,1583,2067,2049,1777,1349,3569,758,1035,477,934,28,15764,"2005","Hombres"
"Nayarit ",62,589,809,890,863,721,1863,410,504,234,446,6,7397,"2005","Hombres"
"Nuevo Leon",1,4,8,2,7,11,17,4,8,1,2,0,65,"2005","Hombres"
"Oaxaca ",15,171,265,337,243,127,382,83,157,64,185,1,2030,"2005","Hombres"
"Puebla ",43,726,967,1165,967,607,1551,380,587,234,631,2,7860,"2005","Hombres"
"Queretaro",20,166,190,221,180,196,553,51,96,31,78,0,1782,"2005","Hombres"
"Quintana Roo ",2,5,0,8,6,8,27,3,6,1,2,0,68,"2005","Hombres"
"San Luis Potosi",0,14,9,12,16,6,44,7,8,3,11,1,131,"2005","Hombres"
"Sinaloa ",31,320,374,362,303,248,703,136,226,83,214,5,3005,"2005","Hombres"
"Sonora ",48,375,312,263,222,189,472,96,131,45,102,0,2255,"2005","Hombres"
"Tabasco ",0,1,1,2,5,3,6,1,4,0,0,0,23,"2005","Hombres"
"Tamaulipas ",1,11,17,14,7,16,36,5,12,1,4,1,125,"2005","Hombres"
"Tlaxcala ",0,5,3,2,1,1,7,0,0,0,1,0,20,"2005","Hombres"
"Veracruz ",2,8,1,6,5,18,18,7,8,1,2,0,76,"2005","Hombres"
"Yucatan",0,2,1,2,2,1,13,3,1,0,4,0,29,"2005","Hombres"
"Zacatecas ",10,140,176,200,198,130,302,83,97,39,113,0,1488,"2005","Hombres"
"Total",1027,12099,15224,17266,14588,10882,27732,5115,7468,3199,6985,119,121704,"2005","Hombres"
"Aguascalientes ",4,85,103,189,110,75,229,37,67,23,83,0,1005,"2006","Hombres"
"Baja California ",0,4,3,7,6,3,21,1,2,0,0,0,47,"2006","Hombres"
"Baja California Sur",0,7,5,8,9,6,12,1,6,2,4,0,60,"2006","Hombres"
"Campeche ",0,0,0,1,1,1,4,0,0,0,0,0,7,"2006","Hombres"
"Coahuila ",0,0,10,4,6,6,26,2,5,3,2,0,64,"2006","Hombres"
"Colima ",27,333,408,646,681,624,1673,245,377,164,298,19,5495,"2006","Hombres"
"Chiapas ",1,9,10,9,16,4,21,6,9,5,6,0,96,"2006","Hombres"
"Chihuahua ",3,29,30,13,11,13,32,10,10,3,11,0,165,"2006","Hombres"
"Distrito Federal ",3,21,17,30,13,20,57,9,17,4,6,0,197,"2006","Hombres"
"Durango ",20,226,341,416,384,282,748,133,166,75,151,0,2942,"2006","Hombres"
"Guanajuato ",91,1346,1823,2157,1786,1519,3712,498,782,332,762,2,14810,"2006","Hombres"
"Guerrero ",197,2200,2853,3110,2581,1685,4218,795,1275,580,1365,11,20870,"2006","Hombres"
"Hidalgo ",0,9,16,7,11,6,36,7,14,5,8,0,119,"2006","Hombres"
"Jalisco ",241,2640,3283,4052,3609,2774,7532,1261,1932,865,1952,53,30194,"2006","Hombres"
"Mexico",40,420,525,594,434,238,577,125,142,79,144,1,3319,"2006","Hombres"
"Michoacan",139,1658,2060,2356,2086,1373,3317,640,874,379,888,11,15781,"2006","Hombres"
"Morelos ",81,1495,1886,2193,1838,1379,3625,844,1109,551,1040,23,16064,"2006","Hombres"
"Nayarit ",62,557,743,983,936,756,2043,353,569,269,512,3,7786,"2006","Hombres"
"Nuevo Leon",1,4,5,7,10,13,23,5,3,1,3,0,75,"2006","Hombres"
"Oaxaca ",20,238,259,340,231,132,383,96,146,75,227,5,2152,"2006","Hombres"
"Puebla ",39,713,918,1264,1087,659,1572,439,602,278,672,6,8249,"2006","Hombres"
"Queretaro",25,174,196,194,230,194,653,80,96,37,60,0,1939,"2006","Hombres"
"Quintana Roo ",2,5,5,2,7,6,29,2,5,2,1,0,66,"2006","Hombres"
"San Luis Potosi",3,15,12,18,19,10,48,7,14,10,7,1,164,"2006","Hombres"
"Sinaloa ",25,306,389,444,376,296,766,167,243,114,274,2,3402,"2006","Hombres"
"Sonora ",30,340,318,259,180,151,366,64,84,31,71,1,1895,"2006","Hombres"
"Tabasco ",0,1,0,2,0,1,4,0,0,0,0,0,8,"2006","Hombres"
"Tamaulipas ",0,19,15,14,15,11,46,8,11,0,3,0,142,"2006","Hombres"
"Tlaxcala ",0,2,2,3,3,2,3,1,0,0,0,0,16,"2006","Hombres"
"Veracruz ",2,15,8,11,11,8,25,3,3,2,8,1,97,"2006","Hombres"
"Yucatan",0,2,4,3,3,2,6,1,0,0,5,0,26,"2006","Hombres"
"Zacatecas ",8,181,259,239,212,165,425,81,94,58,168,4,1894,"2006","Hombres"
"Total",1064,13054,16506,19575,16902,12414,32232,5921,8657,3947,8731,143,139146,"2006","Hombres"
"Aguascalientes ",3,78,126,148,128,79,192,24,60,19,83,0,940,"2007","Hombres"
"Baja California ",0,5,5,9,11,2,26,2,4,0,0,1,65,"2007","Hombres"
"Baja California Sur",0,8,9,4,5,4,18,3,4,2,0,0,57,"2007","Hombres"
"Campeche ",0,1,2,1,2,1,6,0,1,0,0,0,14,"2007","Hombres"
"Coahuila ",0,6,9,9,10,11,19,3,6,1,4,0,78,"2007","Hombres"
"Colima ",18,257,392,560,669,600,1624,274,428,167,337,9,5335,"2007","Hombres"
"Chiapas ",0,12,9,16,19,12,40,9,14,6,6,0,143,"2007","Hombres"
"Chihuahua ",4,28,31,22,14,14,46,6,9,4,13,0,191,"2007","Hombres"
"Distrito Federal ",1,19,24,32,26,18,54,8,11,0,9,0,202,"2007","Hombres"
"Durango ",37,257,348,399,399,319,813,150,192,78,156,3,3151,"2007","Hombres"
"Guanajuato ",116,1227,1773,2081,1904,1470,3817,552,854,315,729,2,14840,"2007","Hombres"
"Guerrero ",183,1989,2572,2955,2252,1497,3918,729,1172,525,1215,8,19015,"2007","Hombres"
"Hidalgo ",1,4,15,7,6,3,10,3,2,2,2,0,55,"2007","Hombres"
"Jalisco ",175,2271,3248,3624,3438,2574,6966,1197,1775,779,1754,47,27848,"2007","Hombres"
"Mexico",25,412,499,507,404,223,585,122,167,67,155,0,3166,"2007","Hombres"
"Michoacan",112,1405,1785,2069,1777,1217,2901,564,739,315,770,7,13661,"2007","Hombres"
"Morelos ",84,1508,1923,2067,1978,1380,3687,859,1259,588,1049,21,16403,"2007","Hombres"
"Nayarit ",70,603,816,975,1063,864,2286,470,628,326,611,4,8716,"2007","Hombres"
"Nuevo Leon",0,7,15,8,9,4,24,2,6,2,3,0,80,"2007","Hombres"
"Oaxaca ",16,255,292,347,256,176,408,93,157,68,235,0,2303,"2007","Hombres"
"Puebla ",35,607,805,1036,880,591,1318,329,499,229,629,2,6960,"2007","Hombres"
"Queretaro",24,158,179,174,214,151,576,51,110,42,60,0,1739,"2007","Hombres"
"Quintana Roo ",2,7,8,3,5,3,17,1,3,1,1,0,51,"2007","Hombres"
"San Luis Potosi",3,10,20,14,15,8,27,5,14,5,10,0,131,"2007","Hombres"
"Sinaloa ",26,311,387,465,422,305,868,169,264,103,291,8,3619,"2007","Hombres"
"Sonora ",34,354,278,258,188,171,416,87,101,30,109,1,2027,"2007","Hombres"
"Tabasco ",0,3,2,1,3,3,3,0,2,1,2,0,20,"2007","Hombres"
"Tamaulipas ",1,14,16,12,9,17,44,3,6,2,10,0,134,"2007","Hombres"
"Tlaxcala ",0,1,3,1,6,2,10,1,1,0,1,0,26,"2007","Hombres"
"Veracruz ",2,26,16,12,15,11,39,8,18,3,9,0,159,"2007","Hombres"
"Yucatan",0,3,1,5,2,1,9,2,0,0,1,0,24,"2007","Hombres"
"Zacatecas ",8,169,210,253,209,166,409,94,132,77,194,1,1922,"2007","Hombres"
"Total",980,12015,15818,18074,16338,11897,31176,5820,8638,3757,8448,114,133075,"2007","Hombres"
"Aguascalientes ",4,78,109,149,144,100,204,42,60,28,82,0,1000,"2008","Hombres"
"Baja California ",1,4,5,6,8,10,27,4,3,0,1,0,69,"2008","Hombres"
"Baja California Sur",2,4,3,4,8,6,15,3,4,3,2,0,54,"2008","Hombres"
"Campeche ",4,10,6,8,5,4,14,4,6,1,2,0,64,"2008","Hombres"
"Coahuila ",0,7,14,7,9,6,23,3,5,1,2,0,77,"2008","Hombres"
"Colima ",22,320,434,585,700,659,1708,300,428,156,271,5,5588,"2008","Hombres"
"Chiapas ",4,14,12,18,17,14,40,14,18,6,12,0,169,"2008","Hombres"
"Chihuahua ",6,33,36,16,20,15,43,2,8,0,10,0,189,"2008","Hombres"
"Distrito Federal ",0,18,22,32,29,17,65,9,12,2,5,1,212,"2008","Hombres"
"Durango ",21,247,284,351,391,345,783,176,196,79,147,0,3020,"2008","Hombres"
"Guanajuato ",104,1227,1676,1894,1649,1356,3216,495,694,402,696,2,13411,"2008","Hombres"
"Guerrero ",146,2010,2713,3010,2520,1569,3984,771,1155,485,1273,7,19643,"2008","Hombres"
"Hidalgo ",0,3,8,20,10,8,32,3,8,2,9,0,103,"2008","Hombres"
"Jalisco ",184,2307,3069,3444,3341,2655,6896,1200,1746,756,1647,35,27280,"2008","Hombres"
"Mexico",24,518,607,611,502,311,729,152,215,88,197,1,3955,"2008","Hombres"
"Michoacan",124,1475,1876,2152,1901,1332,3345,591,817,357,852,8,14830,"2008","Hombres"
"Morelos ",91,1419,1863,1945,1823,1354,3402,895,1140,484,957,11,15384,"2008","Hombres"
"Nayarit ",40,551,687,920,1070,786,2291,406,639,257,598,3,8248,"2008","Hombres"
"Nuevo Leon",3,12,8,3,9,6,42,6,6,2,2,0,99,"2008","Hombres"
"Oaxaca ",18,246,287,368,323,199,466,109,160,85,254,1,2516,"2008","Hombres"
"Puebla ",30,635,892,971,946,616,1407,355,510,239,631,2,7234,"2008","Hombres"
"Queretaro",24,167,171,229,215,171,602,68,97,33,82,0,1859,"2008","Hombres"
"Quintana Roo ",0,3,3,6,4,6,4,2,2,0,1,0,31,"2008","Hombres"
"San Luis Potosi",1,11,13,13,8,8,30,5,10,8,7,0,114,"2008","Hombres"
"Sinaloa ",36,332,384,435,461,359,947,206,272,112,281,0,3825,"2008","Hombres"
"Sonora ",34,252,231,231,158,132,361,70,84,37,65,1,1656,"2008","Hombres"
"Tabasco ",0,1,2,2,3,2,7,0,2,0,1,0,20,"2008","Hombres"
"Tamaulipas ",2,17,14,18,9,14,37,4,4,2,4,0,125,"2008","Hombres"
"Tlaxcala ",0,1,0,1,2,3,13,1,0,0,0,0,21,"2008","Hombres"
"Veracruz ",2,10,11,8,13,7,24,1,12,1,4,0,93,"2008","Hombres"
"Yucatan",0,3,2,3,0,2,16,0,2,0,1,0,29,"2008","Hombres"
"Zacatecas ",12,170,182,232,234,200,446,102,125,74,180,5,1962,"2008","Hombres"
"Total",939,12105,15624,17692,16532,12272,31219,5999,8440,3700,8276,82,132880,"2008","Hombres"
"Aguascalientes ",3,68,97,139,120,106,215,36,49,43,63,0,939,"2009","Hombres"
"Baja California ",2,7,6,14,10,14,33,1,3,1,5,0,96,"2009","Hombres"
"Baja California Sur",0,6,3,7,4,4,14,2,7,1,4,0,52,"2009","Hombres"
"Campeche ",0,2,0,2,2,7,12,1,2,2,2,0,32,"2009","Hombres"
"Coahuila ",0,13,12,9,12,10,23,2,4,0,1,0,86,"2009","Hombres"
"Colima ",25,309,367,535,667,663,1690,325,436,180,297,3,5497,"2009","Hombres"
"Chiapas ",1,19,14,13,12,14,38,6,16,4,8,0,145,"2009","Hombres"
"Chihuahua ",3,34,20,26,27,15,35,10,4,5,7,0,186,"2009","Hombres"
"Distrito Federal ",0,11,20,33,23,29,67,8,12,1,10,0,214,"2009","Hombres"
"Durango ",21,201,259,330,376,302,774,129,185,65,148,0,2790,"2009","Hombres"
"Guanajuato ",73,1078,1451,1738,1632,1244,2941,521,661,244,594,0,12177,"2009","Hombres"
"Guerrero ",138,2305,3012,3517,3198,2065,5282,988,1566,619,1608,16,24314,"2009","Hombres"
"Hidalgo ",0,5,5,9,6,5,27,4,13,1,5,0,80,"2009","Hombres"
"Jalisco ",186,2246,3053,3372,3587,2941,7903,1234,2058,852,1834,39,29305,"2009","Hombres"
"Mexico",45,515,714,697,624,416,867,169,224,106,253,1,4631,"2009","Hombres"
"Michoacan",144,1582,2013,2183,2116,1630,4003,714,1028,419,1004,5,16841,"2009","Hombres"
"Morelos ",65,1499,1867,1949,1973,1601,3986,900,1454,559,1138,30,17021,"2009","Hombres"
"Nayarit ",55,533,695,881,1076,870,2355,460,624,299,640,2,8490,"2009","Hombres"
"Nuevo Leon",0,10,9,15,5,13,45,8,6,5,3,0,119,"2009","Hombres"
"Oaxaca ",21,200,282,321,303,201,464,126,206,83,248,2,2457,"2009","Hombres"
"Puebla ",43,595,842,946,1013,676,1528,370,568,260,588,1,7430,"2009","Hombres"
"Queretaro",18,173,186,201,210,182,631,81,118,38,84,0,1922,"2009","Hombres"
"Quintana Roo ",0,7,7,7,6,12,25,6,1,2,5,0,78,"2009","Hombres"
"San Luis Potosi",2,10,18,16,12,10,37,6,20,2,9,0,142,"2009","Hombres"
"Sinaloa ",50,377,421,484,459,396,955,226,353,155,326,1,4203,"2009","Hombres"
"Sonora ",27,280,269,261,177,141,385,76,102,29,82,7,1836,"2009","Hombres"
"Tabasco ",0,1,4,3,2,1,5,1,2,1,2,0,22,"2009","Hombres"
"Tamaulipas ",3,19,12,11,7,12,27,8,7,3,5,3,117,"2009","Hombres"
"Tlaxcala ",0,4,3,4,2,2,6,1,3,0,3,0,28,"2009","Hombres"
"Veracruz ",4,9,6,9,15,13,33,9,12,12,16,0,138,"2009","Hombres"
"Yucatan",0,1,1,1,4,1,3,2,2,1,0,0,16,"2009","Hombres"
"Zacatecas ",4,128,200,219,199,168,429,107,137,54,168,9,1822,"2009","Hombres"
"Total",933,12247,15868,17952,17879,13764,34838,6537,9883,4046,9160,119,143226,"2009","Hombres"
"Aguascalientes ",2,74,112,137,153,102,244,40,64,27,71,0,1026,"2010","Hombres"
"Baja California ",0,5,10,10,2,12,7,4,9,0,3,0,62,"2010","Hombres"
"Baja California Sur",0,2,2,6,5,4,10,0,2,1,0,0,32,"2010","Hombres"
"Campeche ",0,1,1,3,6,3,8,1,3,1,4,1,32,"2010","Hombres"
"Coahuila ",0,7,15,10,7,12,46,1,9,0,0,1,108,"2010","Hombres"
"Colima ",17,313,401,531,701,728,1838,323,486,204,374,12,5928,"2010","Hombres"
"Chiapas ",2,11,9,10,14,13,33,7,15,3,14,0,131,"2010","Hombres"
"Chihuahua ",3,25,19,20,14,22,46,7,18,1,9,0,184,"2010","Hombres"
"Distrito Federal ",0,23,26,24,32,18,69,16,15,5,6,0,234,"2010","Hombres"
"Durango ",17,226,315,398,416,420,985,176,219,99,177,0,3448,"2010","Hombres"
"Guanajuato ",80,1199,1556,1856,1851,1306,3254,531,696,265,633,0,13227,"2010","Hombres"
"Guerrero ",182,2179,2847,3352,3000,2067,5149,1005,1498,615,1505,28,23427,"2010","Hombres"
"Hidalgo ",1,3,6,8,6,7,19,5,6,1,6,0,68,"2010","Hombres"
"Jalisco ",169,2165,2662,3150,3190,2838,7047,1169,1706,733,1706,46,26581,"2010","Hombres"
"Mexico",30,505,580,602,555,330,745,152,194,74,191,6,3964,"2010","Hombres"
"Michoacan",231,1566,1763,2022,1923,1582,3777,671,946,398,935,20,15834,"2010","Hombres"
"Morelos ",69,1270,1686,1830,1855,1410,3587,839,1224,404,1003,43,15220,"2010","Hombres"
"Nayarit ",43,518,603,799,941,814,2058,443,512,250,500,2,7483,"2010","Hombres"
"Nuevo Leon",1,7,5,8,5,10,30,3,8,0,1,0,78,"2010","Hombres"
"Oaxaca ",24,207,254,297,300,219,489,113,162,67,238,1,2371,"2010","Hombres"
"Puebla ",32,606,797,904,963,685,1577,368,576,247,645,32,7432,"2010","Hombres"
"Queretaro",16,130,173,252,238,228,762,106,138,39,112,0,2194,"2010","Hombres"
"Quintana Roo ",1,8,6,7,7,9,25,5,2,1,2,0,73,"2010","Hombres"
"San Luis Potosi",1,11,6,4,9,12,13,7,10,2,9,0,84,"2010","Hombres"
"Sinaloa ",21,315,365,469,447,376,989,225,331,161,289,1,3989,"2010","Hombres"
"Sonora ",23,245,247,191,169,151,370,84,111,44,78,1,1714,"2010","Hombres"
"Tabasco ",0,0,1,3,0,3,5,2,1,1,0,0,16,"2010","Hombres"
"Tamaulipas ",3,14,13,8,8,9,32,5,7,0,4,0,103,"2010","Hombres"
"Tlaxcala ",0,1,3,5,8,1,6,1,1,1,1,0,28,"2010","Hombres"
"Veracruz ",1,8,9,7,15,10,32,4,6,5,10,0,107,"2010","Hombres"
"Yucatan",0,4,7,1,2,1,5,5,2,1,1,0,29,"2010","Hombres"
"Zacatecas ",6,137,164,198,236,181,444,80,124,61,170,5,1806,"2010","Hombres"
"Total",975,11785,14663,17122,17078,13583,33701,6398,9101,3711,8697,199,137013,"2010","Hombres"
"Aguascalientes ",3,72,89,150,143,90,254,42,55,16,69,0,983,"2011","Hombres"
"Baja California ",0,5,12,7,7,5,19,6,1,0,0,0,62,"2011","Hombres"
"Baja California Sur",1,3,5,2,0,3,14,3,4,1,1,0,37,"2011","Hombres"
"Campeche ",0,3,2,3,6,2,14,2,2,0,1,0,35,"2011","Hombres"
"Coahuila ",1,11,10,7,8,11,31,7,5,1,2,0,94,"2011","Hombres"
"Colima ",31,345,475,609,774,718,2124,328,517,205,381,9,6516,"2011","Hombres"
"Chiapas ",3,18,12,9,17,10,42,10,11,7,16,0,155,"2011","Hombres"
"Chihuahua ",3,31,20,23,13,16,52,6,4,9,8,0,185,"2011","Hombres"
"Distrito Federal ",3,14,26,28,18,29,66,10,12,4,12,0,222,"2011","Hombres"
"Durango ",19,241,344,401,472,449,993,189,225,114,189,0,3636,"2011","Hombres"
"Guanajuato ",74,1422,1644,1959,1822,1401,3409,543,771,331,627,2,14005,"2011","Hombres"
"Guerrero ",167,2189,2983,3490,3361,2336,5592,1075,1673,691,1640,21,25218,"2011","Hombres"
"Hidalgo ",2,5,7,14,9,10,15,1,11,0,6,0,80,"2011","Hombres"
"Jalisco ",189,2237,2731,3073,3080,2709,7217,1147,1710,681,1605,47,26426,"2011","Hombres"
"Mexico",48,547,675,710,589,416,1013,167,243,113,227,4,4752,"2011","Hombres"
"Michoacan",144,1448,1817,1944,2069,1609,3940,740,934,408,863,5,15921,"2011","Hombres"
"Morelos ",68,1442,1961,2116,2289,1694,4476,960,1494,500,1161,61,18222,"2011","Hombres"
"Nayarit ",136,529,611,712,874,786,2077,367,538,244,485,3,7362,"2011","Hombres"
"Nuevo Leon",0,13,11,9,11,13,37,1,5,1,3,0,104,"2011","Hombres"
"Oaxaca ",14,206,245,289,269,217,522,102,202,82,221,3,2372,"2011","Hombres"
"Puebla ",21,581,766,890,912,665,1532,336,564,281,648,4,7200,"2011","Hombres"
"Queretaro",14,200,239,285,305,266,781,105,180,71,105,0,2551,"2011","Hombres"
"Quintana Roo ",2,8,6,5,7,9,48,7,5,1,3,0,101,"2011","Hombres"
"San Luis Potosi",0,11,11,12,13,12,33,9,11,1,6,0,119,"2011","Hombres"
"Sinaloa ",29,365,430,481,469,390,991,238,326,188,329,2,4238,"2011","Hombres"
"Sonora ",35,306,336,269,186,194,456,88,144,60,96,2,2172,"2011","Hombres"
"Tabasco ",0,4,3,5,0,4,10,0,2,0,1,0,29,"2011","Hombres"
"Tamaulipas ",2,11,14,16,10,10,38,10,6,4,9,2,132,"2011","Hombres"
"Tlaxcala ",0,1,4,3,4,3,9,0,0,0,1,0,25,"2011","Hombres"
"Veracruz ",1,8,5,8,5,8,39,3,10,5,13,0,105,"2011","Hombres"
"Yucatan",0,0,0,3,1,3,13,1,2,1,4,0,28,"2011","Hombres"
"Zacatecas ",9,143,186,204,206,206,441,88,129,52,153,2,1819,"2011","Hombres"
"Total",1019,12419,15680,17736,17949,14294,36298,6591,9796,4072,8885,167,144906,"2011","Hombres"
"Aguascalientes ",7,73,101,141,160,120,286,37,78,32,68,0,1103,"2012","Hombres"
"Baja California ",0,3,6,10,7,5,22,4,3,2,0,0,62,"2012","Hombres"
"Baja California Sur",1,6,9,4,4,2,20,2,3,1,2,0,54,"2012","Hombres"
"Campeche ",0,3,1,0,3,4,9,1,2,2,5,0,30,"2012","Hombres"
"Coahuila ",0,8,17,13,8,14,34,4,3,1,0,0,102,"2012","Hombres"
"Colima ",17,313,422,561,788,773,2264,390,601,216,442,15,6802,"2012","Hombres"
"Chiapas ",2,10,5,13,16,17,49,7,7,3,15,0,144,"2012","Hombres"
"Chihuahua ",6,38,24,20,19,22,52,10,9,2,7,0,209,"2012","Hombres"
"Distrito Federal ",1,13,21,22,24,23,64,9,17,10,3,1,208,"2012","Hombres"
"Durango ",19,284,347,406,512,453,1055,214,250,95,201,0,3836,"2012","Hombres"
"Guanajuato ",103,1579,1987,2461,1760,1461,3888,708,899,327,801,6,15980,"2012","Hombres"
"Guerrero ",186,2616,3288,3846,3756,2743,6758,1209,1920,725,1855,18,28920,"2012","Hombres"
"Hidalgo ",2,9,4,15,7,10,23,11,6,7,7,0,101,"2012","Hombres"
"Jalisco ",188,2202,2626,3185,3056,2863,7408,1217,1923,763,1632,36,27099,"2012","Hombres"
"Mexico",35,667,711,746,615,484,1022,170,267,116,260,2,5095,"2012","Hombres"
"Michoacan",153,1567,1802,1944,2054,1850,4099,827,1085,484,901,6,16772,"2012","Hombres"
"Morelos ",52,1250,1731,1955,1988,1653,3945,781,1215,462,981,29,16042,"2012","Hombres"
"Nayarit ",47,594,741,785,911,941,2510,465,696,275,660,3,8628,"2012","Hombres"
"Nuevo Leon",1,8,9,11,11,18,37,2,2,0,1,0,100,"2012","Hombres"
"Oaxaca ",9,184,251,270,265,213,486,113,182,83,257,5,2318,"2012","Hombres"
"Puebla ",31,551,739,928,948,695,1553,360,568,250,645,6,7274,"2012","Hombres"
"Queretaro",7,152,191,232,265,303,936,179,210,58,138,0,2671,"2012","Hombres"
"Quintana Roo ",1,2,4,3,5,7,16,3,1,1,2,0,45,"2012","Hombres"
"San Luis Potosi",0,12,15,18,12,9,47,8,18,5,25,0,169,"2012","Hombres"
"Sinaloa ",31,417,458,533,489,454,1194,282,393,173,409,1,4834,"2012","Hombres"
"Sonora ",31,323,335,301,222,198,561,130,175,70,92,4,2442,"2012","Hombres"
"Tabasco ",1,2,2,1,2,7,10,0,1,0,0,0,26,"2012","Hombres"
"Tamaulipas ",4,19,14,17,14,18,62,8,17,7,15,0,195,"2012","Hombres"
"Tlaxcala ",0,1,0,2,2,5,6,2,2,0,1,1,22,"2012","Hombres"
"Veracruz ",1,13,3,13,8,12,35,2,10,4,9,0,110,"2012","Hombres"
"Yucatan",0,1,6,0,3,3,6,0,3,1,0,0,23,"2012","Hombres"
"Zacatecas ",6,134,172,202,175,188,419,88,107,55,145,1,1692,"2012","Hombres"
"Total",942,13054,16042,18658,18109,15568,38876,7243,10673,4230,9579,134,153108,"2012","Hombres"
"Aguascalientes ",5,81,113,107,132,100,240,50,50,31,73,0,982,"2013","Hombres"
"Baja California ",0,6,5,7,10,8,20,2,4,0,1,0,63,"2013","Hombres"
"Baja California Sur",0,3,2,5,0,2,8,1,3,0,0,0,24,"2013","Hombres"
"Campeche ",0,4,5,0,0,2,13,0,3,0,2,0,29,"2013","Hombres"
"Coahuila ",4,10,3,13,11,14,30,6,7,1,1,0,100,"2013","Hombres"
"Colima ",37,346,380,554,799,717,2137,390,568,232,411,2,6573,"2013","Hombres"
"Chiapas ",2,9,17,9,4,13,45,6,16,7,8,0,136,"2013","Hombres"
"Chihuahua ",2,23,30,22,15,12,43,7,11,5,11,0,181,"2013","Hombres"
"Distrito Federal ",1,17,31,25,35,24,78,12,15,9,14,0,261,"2013","Hombres"
"Durango ",31,300,394,500,626,548,1297,236,320,138,268,0,4658,"2013","Hombres"
"Guanajuato ",101,1493,1858,2099,1696,1395,3753,612,865,332,829,12,15045,"2013","Hombres"
"Guerrero ",185,2692,3272,4017,4193,3141,7369,1426,2134,897,2124,29,31479,"2013","Hombres"
"Hidalgo ",1,9,14,14,9,7,24,3,7,3,4,0,95,"2013","Hombres"
"Jalisco ",209,2327,2680,3075,2986,2810,7616,1246,2019,752,1782,32,27534,"2013","Hombres"
"Mexico",38,582,796,742,692,517,1227,226,323,128,306,3,5580,"2013","Hombres"
"Michoacan",115,1707,1858,2049,1983,1820,4235,891,1137,462,977,55,17289,"2013","Hombres"
"Morelos ",58,1241,1649,1958,2007,1694,4423,898,1470,564,1209,35,17206,"2013","Hombres"
"Nayarit ",102,617,759,848,913,951,2347,504,684,409,654,16,8804,"2013","Hombres"
"Nuevo Leon",1,3,7,5,4,5,28,1,9,1,4,0,68,"2013","Hombres"
"Oaxaca ",10,222,262,296,271,222,533,117,186,93,257,3,2472,"2013","Hombres"
"Puebla ",38,476,625,705,760,681,1534,366,540,227,538,5,6495,"2013","Hombres"
"Queretaro",15,149,168,259,286,342,857,120,212,68,140,0,2616,"2013","Hombres"
"Quintana Roo ",0,7,4,2,5,5,20,2,1,0,3,0,49,"2013","Hombres"
"San Luis Potosi",2,10,11,14,15,9,45,4,13,2,16,0,141,"2013","Hombres"
"Sinaloa ",20,339,437,467,475,378,1180,275,364,166,344,0,4445,"2013","Hombres"
"Sonora ",36,347,302,297,213,197,529,127,146,60,103,3,2360,"2013","Hombres"
"Tabasco ",0,2,2,0,1,2,6,2,2,0,1,0,18,"2013","Hombres"
"Tamaulipas ",5,24,14,22,14,18,53,11,15,8,17,0,201,"2013","Hombres"
"Tlaxcala ",0,0,0,4,3,2,7,2,2,1,2,0,23,"2013","Hombres"
"Veracruz ",2,6,16,4,18,11,26,6,9,3,6,0,107,"2013","Hombres"
"Yucatan",0,0,2,0,0,4,3,1,3,0,2,0,15,"2013","Hombres"
"Zacatecas ",11,158,187,232,246,206,500,131,137,74,184,2,2068,"2013","Hombres"
"Total",1031,13210,15903,18351,18422,15857,40226,7681,11275,4673,10291,197,157117,"2013","Hombres"
"Aguascalientes ",3,43,70,83,83,73,180,41,47,11,41,0,675,"2003","Mujeres"
"Baja California ",1,1,5,6,2,5,16,2,3,0,1,0,42,"2003","Mujeres"
"Baja California Sur",1,7,2,1,5,7,9,2,5,0,0,0,39,"2003","Mujeres"
"Campeche ",0,3,6,3,5,1,9,3,4,0,0,0,34,"2003","Mujeres"
"Coahuila ",1,1,1,4,11,7,22,1,1,0,0,0,49,"2003","Mujeres"
"Colima ",18,266,376,495,613,497,1437,228,351,128,224,11,4644,"2003","Mujeres"
"Chiapas ",1,14,5,13,10,7,38,6,13,3,0,0,110,"2003","Mujeres"
"Chihuahua ",5,25,28,26,30,24,75,16,14,4,8,0,255,"2003","Mujeres"
"Distrito Federal ",1,12,15,13,12,16,49,6,9,4,2,0,139,"2003","Mujeres"
"Durango ",23,182,261,305,328,300,753,147,184,89,133,3,2708,"2003","Mujeres"
"Guanajuato ",80,946,1310,1516,1596,1504,3669,539,694,233,558,128,12773,"2003","Mujeres"
"Guerrero ",140,1273,1506,1539,1186,1140,2785,609,739,370,584,9,11880,"2003","Mujeres"
"Hidalgo ",1,7,10,13,17,20,54,10,15,4,5,0,156,"2003","Mujeres"
"Jalisco ",174,1868,2322,2706,2739,2437,6739,1087,1528,595,1169,13,23377,"2003","Mujeres"
"Mexico",66,364,392,392,302,221,617,107,163,78,110,1,2813,"2003","Mujeres"
"Michoacan",162,1349,1642,1829,1665,1427,3534,681,877,336,661,15,14178,"2003","Mujeres"
"Morelos ",134,1359,1495,1749,1582,1679,3965,814,979,387,753,26,14922,"2003","Mujeres"
"Nayarit ",60,579,722,785,723,679,1853,296,428,181,324,5,6635,"2003","Mujeres"
"Nuevo Leon",3,9,31,36,39,27,74,10,9,2,3,0,243,"2003","Mujeres"
"Oaxaca ",13,155,216,287,253,209,637,133,177,94,200,0,2374,"2003","Mujeres"
"Puebla ",34,549,861,913,933,769,1942,367,609,254,655,1,7887,"2003","Mujeres"
"Queretaro",35,170,171,222,227,282,772,97,120,52,109,2,2259,"2003","Mujeres"
"Quintana Roo ",0,4,1,3,6,5,27,2,2,0,3,1,54,"2003","Mujeres"
"San Luis Potosi",1,6,6,16,11,9,54,10,13,2,10,0,138,"2003","Mujeres"
"Sinaloa ",41,329,388,398,415,411,1265,226,318,141,221,8,4161,"2003","Mujeres"
"Sonora ",569,942,520,442,383,474,1749,294,585,209,509,0,6676,"2003","Mujeres"
"Tabasco ",1,2,1,7,3,3,8,2,1,0,0,0,28,"2003","Mujeres"
"Tamaulipas ",0,9,12,16,25,23,51,12,5,7,9,125,294,"2003","Mujeres"
"Tlaxcala ",0,1,2,2,1,3,5,0,0,0,0,0,14,"2003","Mujeres"
"Veracruz ",3,10,12,12,17,17,48,9,6,3,8,0,145,"2003","Mujeres"
"Yucatan",3,9,2,3,4,2,12,2,0,2,2,0,41,"2003","Mujeres"
"Zacatecas ",8,110,157,162,218,127,331,63,87,51,102,1,1417,"2003","Mujeres"
"Total",1582,10604,12548,13997,13444,12405,32779,5822,7986,3240,6404,349,121160,"2003","Mujeres"
"Aguascalientes ",2,54,62,93,96,88,177,25,37,19,50,0,703,"2004","Mujeres"
"Baja California ",7,3,3,3,5,3,13,4,6,1,2,0,50,"2004","Mujeres"
"Baja California Sur",0,0,2,3,7,5,14,4,8,2,3,0,48,"2004","Mujeres"
"Campeche ",0,0,0,5,4,2,8,0,0,0,1,0,20,"2004","Mujeres"
"Coahuila ",0,6,4,3,7,7,21,2,3,1,0,0,54,"2004","Mujeres"
"Colima ",27,304,376,527,585,581,1590,231,292,130,264,12,4919,"2004","Mujeres"
"Chiapas ",2,8,4,8,7,13,31,9,8,3,6,0,99,"2004","Mujeres"
"Chihuahua ",3,16,20,18,20,20,74,7,19,13,14,0,224,"2004","Mujeres"
"Distrito Federal ",0,15,10,28,18,28,65,11,7,2,6,0,190,"2004","Mujeres"
"Durango ",15,192,249,279,324,294,732,123,171,74,118,0,2571,"2004","Mujeres"
"Guanajuato ",92,865,1152,1405,1576,1476,3731,560,749,287,501,10,12404,"2004","Mujeres"
"Guerrero ",134,1366,1731,1733,1579,1354,3535,694,888,431,749,11,14205,"2004","Mujeres"
"Hidalgo ",0,4,14,17,12,12,54,9,12,6,4,1,145,"2004","Mujeres"
"Jalisco ",179,1812,2187,2752,2711,2404,6794,1019,1563,660,1238,121,23440,"2004","Mujeres"
"Mexico",26,320,369,341,289,225,625,97,112,69,120,4,2597,"2004","Mujeres"
"Michoacan",135,1090,1423,1478,1455,1217,2917,512,674,290,568,131,11890,"2004","Mujeres"
"Morelos ",137,1126,1295,1453,1303,1331,3051,611,774,341,623,9,12054,"2004","Mujeres"
"Nayarit ",54,541,715,719,705,664,1697,345,407,184,294,112,6437,"2004","Mujeres"
"Nuevo Leon",0,7,4,12,9,16,44,9,18,3,6,54,182,"2004","Mujeres"
"Oaxaca ",14,157,240,276,234,227,561,114,178,83,212,1,2297,"2004","Mujeres"
"Puebla ",43,555,741,950,834,774,1760,378,557,263,625,332,7812,"2004","Mujeres"
"Queretaro",42,147,113,207,159,245,750,79,129,43,82,0,1996,"2004","Mujeres"
"Quintana Roo ",0,2,1,7,2,3,23,2,2,0,1,0,43,"2004","Mujeres"
"San Luis Potosi",0,7,6,14,16,18,66,13,30,5,12,1,188,"2004","Mujeres"
"Sinaloa ",35,370,349,413,477,444,1301,197,323,119,278,2,4308,"2004","Mujeres"
"Sonora ",36,336,322,317,310,341,926,200,229,109,155,1,3282,"2004","Mujeres"
"Tabasco ",0,2,0,2,2,9,2,0,0,0,0,0,17,"2004","Mujeres"
"Tamaulipas ",1,7,17,23,16,17,60,8,14,8,10,94,275,"2004","Mujeres"
"Tlaxcala ",0,2,0,16,1,2,5,0,0,1,1,0,28,"2004","Mujeres"
"Veracruz ",7,5,11,7,13,13,41,12,8,8,9,1,135,"2004","Mujeres"
"Yucatan",0,1,0,2,8,4,7,0,2,0,1,0,25,"2004","Mujeres"
"Zacatecas ",8,88,128,142,154,116,300,52,95,55,112,1,1251,"2004","Mujeres"
"Total",999,9408,11548,13253,12938,11953,30975,5327,7315,3210,6065,898,113889,"2004","Mujeres"
"Aguascalientes ",3,64,106,119,122,87,252,31,44,20,60,0,908,"2005","Mujeres"
"Baja California ",0,9,9,5,8,8,26,4,3,4,2,0,78,"2005","Mujeres"
"Baja California Sur",1,5,5,5,6,7,23,7,1,0,3,0,63,"2005","Mujeres"
"Campeche ",1,2,2,1,1,3,8,2,1,2,1,0,24,"2005","Mujeres"
"Coahuila ",2,4,4,9,8,12,22,2,1,0,0,0,64,"2005","Mujeres"
"Colima ",20,238,335,491,569,473,1468,247,308,107,242,10,4508,"2005","Mujeres"
"Chiapas ",2,14,6,14,18,21,55,13,7,5,3,0,158,"2005","Mujeres"
"Chihuahua ",2,23,25,23,15,14,40,11,15,5,9,0,182,"2005","Mujeres"
"Distrito Federal ",1,18,20,32,22,31,65,6,18,4,7,0,224,"2005","Mujeres"
"Durango ",15,200,247,321,379,306,905,152,209,74,178,0,2986,"2005","Mujeres"
"Guanajuato ",85,973,1383,1632,1690,1632,4388,636,916,319,631,8,14293,"2005","Mujeres"
"Guerrero ",164,1568,1991,2035,1872,1536,4090,807,1182,448,938,17,16648,"2005","Mujeres"
"Hidalgo ",3,8,5,21,24,14,42,7,13,6,8,0,151,"2005","Mujeres"
"Jalisco ",157,1880,2381,2955,2920,2627,7509,1155,1673,627,1338,20,25242,"2005","Mujeres"
"Mexico",23,379,391,424,335,245,674,117,118,85,136,0,2927,"2005","Mujeres"
"Michoacan",97,1225,1543,1699,1673,1404,3461,634,861,317,674,5,13593,"2005","Mujeres"
"Morelos ",136,1381,1703,1739,1777,1712,4205,778,1060,473,814,17,15795,"2005","Mujeres"
"Nayarit ",53,489,633,711,674,606,1613,334,385,169,277,125,6069,"2005","Mujeres"
"Nuevo Leon",2,4,2,2,4,7,25,3,6,0,2,0,57,"2005","Mujeres"
"Oaxaca ",10,170,262,340,300,227,637,119,196,119,276,6,2662,"2005","Mujeres"
"Puebla ",56,576,867,1112,1040,861,2015,473,651,302,759,3,8715,"2005","Mujeres"
"Queretaro",19,132,135,187,196,242,728,85,147,35,85,0,1991,"2005","Mujeres"
"Quintana Roo ",0,4,7,4,10,13,24,3,7,2,0,0,74,"2005","Mujeres"
"San Luis Potosi",2,8,14,16,16,20,69,12,20,3,12,0,192,"2005","Mujeres"
"Sinaloa ",23,259,332,400,381,341,1181,195,341,123,203,1,3780,"2005","Mujeres"
"Sonora ",40,291,305,277,333,271,845,163,194,103,171,0,2993,"2005","Mujeres"
"Tabasco ",0,0,0,1,0,2,9,0,3,0,0,0,15,"2005","Mujeres"
"Tamaulipas ",3,4,21,26,13,34,53,8,12,1,6,1,182,"2005","Mujeres"
"Tlaxcala ",1,0,2,2,2,3,5,1,0,0,1,0,17,"2005","Mujeres"
"Veracruz ",1,7,8,7,9,19,27,5,12,5,3,0,103,"2005","Mujeres"
"Yucatan",0,3,0,3,4,5,8,2,3,1,0,0,29,"2005","Mujeres"
"Zacatecas ",15,102,148,189,176,188,377,82,115,50,107,0,1549,"2005","Mujeres"
"Total",937,10040,12892,14802,14597,12971,34849,6094,8522,3409,6946,213,126272,"2005","Mujeres"
"Aguascalientes ",1,57,97,132,143,87,280,55,74,22,47,0,995,"2006","Mujeres"
"Baja California ",2,4,15,3,7,9,25,1,3,1,3,0,73,"2006","Mujeres"
"Baja California Sur",1,7,5,6,11,17,23,4,5,4,1,0,84,"2006","Mujeres"
"Campeche ",0,1,0,2,4,4,11,1,3,1,1,0,28,"2006","Mujeres"
"Coahuila ",0,4,6,8,8,13,33,2,7,2,1,0,84,"2006","Mujeres"
"Colima ",13,259,402,486,592,543,1575,229,338,119,279,13,4848,"2006","Mujeres"
"Chiapas ",2,6,1,12,17,15,31,13,5,2,10,1,115,"2006","Mujeres"
"Chihuahua ",2,22,11,20,14,10,62,8,17,5,13,0,184,"2006","Mujeres"
"Distrito Federal ",1,15,20,30,33,19,89,11,18,2,14,0,252,"2006","Mujeres"
"Durango ",20,211,276,346,416,369,888,154,222,75,141,10,3128,"2006","Mujeres"
"Guanajuato ",94,1089,1704,1924,2001,1819,5214,803,1120,439,888,4,17099,"2006","Mujeres"
"Guerrero ",172,1912,2371,2492,2210,1997,5343,969,1488,552,1235,114,20855,"2006","Mujeres"
"Hidalgo ",0,2,12,11,13,11,58,7,7,5,10,0,136,"2006","Mujeres"
"Jalisco ",178,2148,2882,3257,3368,3052,8658,1357,2031,818,1672,47,29468,"2006","Mujeres"
"Mexico",30,353,428,459,399,325,790,139,176,84,207,2,3392,"2006","Mujeres"
"Michoacan",118,1382,1724,2009,1938,1659,4247,780,1025,362,770,4,16018,"2006","Mujeres"
"Morelos ",96,1260,1655,1844,1746,1631,4095,840,1180,461,849,66,15723,"2006","Mujeres"
"Nayarit ",56,491,708,809,797,712,1932,404,477,181,348,0,6915,"2006","Mujeres"
"Nuevo Leon",0,6,10,5,8,9,47,6,6,2,1,0,100,"2006","Mujeres"
"Oaxaca ",13,182,247,316,302,284,697,165,221,106,291,4,2828,"2006","Mujeres"
"Puebla ",42,601,908,1121,1070,835,2141,501,727,344,812,1,9103,"2006","Mujeres"
"Queretaro",15,125,174,224,241,277,882,106,150,52,90,0,2336,"2006","Mujeres"
"Quintana Roo ",1,2,2,2,3,9,35,9,4,1,2,1,71,"2006","Mujeres"
"San Luis Potosi",6,20,18,14,14,20,77,18,19,8,18,1,233,"2006","Mujeres"
"Sinaloa ",26,280,354,431,459,386,1251,218,358,137,253,128,4281,"2006","Mujeres"
"Sonora ",23,241,290,270,343,276,735,127,211,68,163,1,2748,"2006","Mujeres"
"Tabasco ",1,1,0,0,1,2,8,3,2,1,0,0,19,"2006","Mujeres"
"Tamaulipas ",0,8,22,17,16,28,58,9,12,3,11,0,184,"2006","Mujeres"
"Tlaxcala ",0,0,0,3,4,3,9,1,2,0,1,0,23,"2006","Mujeres"
"Veracruz ",3,12,15,14,11,11,49,12,19,4,7,0,157,"2006","Mujeres"
"Yucatan",3,4,0,5,3,5,10,2,2,1,1,0,36,"2006","Mujeres"
"Zacatecas ",10,155,183,213,263,214,464,94,130,70,139,1,1936,"2006","Mujeres"
"Total",929,10860,14540,16485,16455,14651,39817,7048,10059,3932,8278,398,143452,"2006","Mujeres"
"Aguascalientes ",6,68,95,122,148,100,257,45,52,26,74,0,993,"2007","Mujeres"
"Baja California ",1,4,3,2,9,14,25,3,6,2,6,0,75,"2007","Mujeres"
"Baja California Sur",0,8,7,6,7,11,27,4,4,1,2,0,77,"2007","Mujeres"
"Campeche ",0,3,1,3,3,4,11,2,1,1,1,0,30,"2007","Mujeres"
"Coahuila ",2,8,8,11,15,10,41,3,2,1,6,0,107,"2007","Mujeres"
"Colima ",28,222,312,419,589,488,1484,264,383,122,219,9,4539,"2007","Mujeres"
"Chiapas ",0,5,8,16,21,15,59,12,14,3,10,0,163,"2007","Mujeres"
"Chihuahua ",5,21,22,28,15,19,60,7,12,1,9,0,199,"2007","Mujeres"
"Distrito Federal ",0,10,23,31,32,33,84,16,17,5,9,0,260,"2007","Mujeres"
"Durango ",30,212,329,365,434,349,994,160,218,107,186,1,3385,"2007","Mujeres"
"Guanajuato ",76,1086,1585,1923,2097,1999,5328,851,1167,408,915,13,17448,"2007","Mujeres"
"Guerrero ",143,1708,2242,2285,2269,1944,4977,879,1414,543,1175,78,19657,"2007","Mujeres"
"Hidalgo ",1,3,9,3,9,13,28,10,6,4,9,0,95,"2007","Mujeres"
"Jalisco ",159,2053,2871,3123,3128,3015,8185,1236,1890,721,1620,37,28038,"2007","Mujeres"
"Mexico",50,347,393,379,373,303,829,155,169,81,189,1,3269,"2007","Mujeres"
"Michoacan",104,1190,1476,1643,1776,1395,3789,638,884,338,678,9,13920,"2007","Mujeres"
"Morelos ",89,1205,1592,1798,1801,1552,4254,898,1292,519,938,12,15950,"2007","Mujeres"
"Nayarit ",62,492,691,789,859,718,2043,372,535,200,429,2,7192,"2007","Mujeres"
"Nuevo Leon",0,9,14,3,15,20,49,3,5,3,3,0,124,"2007","Mujeres"
"Oaxaca ",14,196,266,315,369,300,867,150,267,133,333,4,3214,"2007","Mujeres"
"Puebla ",24,524,773,930,1000,810,1806,455,631,244,703,33,7933,"2007","Mujeres"
"Queretaro",16,133,189,169,173,209,644,119,131,49,97,0,1929,"2007","Mujeres"
"Quintana Roo ",0,1,1,4,7,8,21,3,4,1,2,0,52,"2007","Mujeres"
"San Luis Potosi",1,12,26,17,28,25,83,14,18,5,13,0,242,"2007","Mujeres"
"Sinaloa ",28,303,362,405,481,389,1241,253,390,144,286,2,4284,"2007","Mujeres"
"Sonora ",35,281,270,283,331,251,758,128,214,71,159,1,2782,"2007","Mujeres"
"Tabasco ",0,1,1,1,3,6,6,1,1,0,0,1,21,"2007","Mujeres"
"Tamaulipas ",4,9,18,9,21,25,65,8,11,7,6,0,183,"2007","Mujeres"
"Tlaxcala ",2,1,1,2,4,4,9,1,1,0,1,1,27,"2007","Mujeres"
"Veracruz ",2,10,14,12,17,7,68,12,21,3,10,0,176,"2007","Mujeres"
"Yucatan",0,1,3,1,1,5,20,1,8,2,3,0,45,"2007","Mujeres"
"Zacatecas ",8,138,156,210,271,217,498,100,141,76,141,0,1956,"2007","Mujeres"
"Total",890,10264,13761,15307,16306,14258,38610,6803,9909,3821,8232,204,138365,"2007","Mujeres"
"Aguascalientes ",6,53,114,123,167,98,225,53,65,20,62,0,986,"2008","Mujeres"
"Baja California ",2,6,11,5,6,12,35,1,2,1,5,0,86,"2008","Mujeres"
"Baja California Sur",0,7,7,4,11,10,16,4,2,1,4,0,66,"2008","Mujeres"
"Campeche ",3,5,3,7,2,11,19,2,5,1,3,0,61,"2008","Mujeres"
"Coahuila ",1,12,7,7,12,17,38,7,7,0,0,0,108,"2008","Mujeres"
"Colima ",25,223,353,435,618,649,1513,273,352,114,210,8,4773,"2008","Mujeres"
"Chiapas ",2,12,15,13,25,22,69,14,32,6,12,0,222,"2008","Mujeres"
"Chihuahua ",6,21,20,18,22,23,72,11,15,3,3,10,224,"2008","Mujeres"
"Distrito Federal ",2,18,25,28,27,26,94,14,16,6,13,0,269,"2008","Mujeres"
"Durango ",15,198,280,340,410,355,1006,173,209,73,175,0,3234,"2008","Mujeres"
"Guanajuato ",90,1046,1406,1614,1833,1611,4618,691,1035,344,928,5,15221,"2008","Mujeres"
"Guerrero ",147,1746,2319,2503,2399,1917,5242,934,1400,608,1274,9,20498,"2008","Mujeres"
"Hidalgo ",0,3,10,9,10,18,51,7,8,3,6,0,125,"2008","Mujeres"
"Jalisco ",155,1946,2602,2882,3184,2811,7933,1289,1926,662,1474,33,26897,"2008","Mujeres"
"Mexico",41,389,507,503,504,373,1060,182,256,102,245,2,4164,"2008","Mujeres"
"Michoacan",108,1306,1654,1864,1913,1661,4185,796,1039,363,853,129,15871,"2008","Mujeres"
"Morelos ",61,1122,1481,1543,1848,1781,3965,950,1260,494,826,5,15336,"2008","Mujeres"
"Nayarit ",51,440,589,753,847,672,1948,421,568,186,405,0,6880,"2008","Mujeres"
"Nuevo Leon",0,5,9,8,7,20,60,5,12,1,7,0,134,"2008","Mujeres"
"Oaxaca ",17,178,255,336,392,285,936,209,279,121,321,2,3331,"2008","Mujeres"
"Puebla ",37,554,739,892,1031,830,1940,443,677,304,761,1,8209,"2008","Mujeres"
"Queretaro",11,160,146,230,225,275,852,113,184,56,117,0,2369,"2008","Mujeres"
"Quintana Roo ",0,4,3,1,2,7,27,3,5,0,3,0,55,"2008","Mujeres"
"San Luis Potosi",1,8,8,28,17,25,77,25,22,10,18,0,239,"2008","Mujeres"
"Sinaloa ",36,288,346,412,566,522,1397,291,369,146,288,1,4662,"2008","Mujeres"
"Sonora ",29,221,240,250,339,270,705,148,202,63,123,2,2592,"2008","Mujeres"
"Tabasco ",0,2,1,1,6,3,17,0,2,0,1,0,33,"2008","Mujeres"
"Tamaulipas ",2,13,13,12,15,20,70,11,9,9,8,0,182,"2008","Mujeres"
"Tlaxcala ",0,2,3,2,5,4,11,1,2,0,1,0,31,"2008","Mujeres"
"Veracruz ",2,6,12,10,12,22,39,12,18,7,9,0,149,"2008","Mujeres"
"Yucatan",0,4,1,2,5,4,10,3,4,1,0,0,34,"2008","Mujeres"
"Zacatecas ",11,119,194,203,239,206,562,120,171,67,163,0,2055,"2008","Mujeres"
"Total",861,10117,13373,15038,16699,14560,38792,7206,10153,3772,8318,207,139096,"2008","Mujeres"
"Aguascalientes ",3,69,99,112,139,114,259,47,53,25,53,0,973,"2009","Mujeres"
"Baja California ",1,6,7,10,13,11,35,10,7,1,7,0,108,"2009","Mujeres"
"Baja California Sur",0,4,3,1,7,8,17,1,3,0,3,0,47,"2009","Mujeres"
"Campeche ",0,2,1,1,8,11,17,3,5,4,3,0,55,"2009","Mujeres"
"Coahuila ",1,10,16,10,23,19,29,6,4,1,0,0,119,"2009","Mujeres"
"Colima ",16,277,306,422,591,566,1555,253,376,108,211,4,4685,"2009","Mujeres"
"Chiapas ",1,18,11,8,19,34,83,17,25,8,16,0,240,"2009","Mujeres"
"Chihuahua ",6,26,23,16,13,27,57,17,17,8,8,1,219,"2009","Mujeres"
"Distrito Federal ",2,15,20,21,23,29,91,12,24,5,4,0,246,"2009","Mujeres"
"Durango ",17,179,281,309,389,367,911,172,224,84,173,0,3106,"2009","Mujeres"
"Guanajuato ",59,925,1340,1640,1895,1600,4210,667,864,310,659,0,14169,"2009","Mujeres"
"Guerrero ",148,1870,2437,2677,2856,2302,6376,1134,1778,659,1564,44,23845,"2009","Mujeres"
"Hidalgo ",0,4,4,11,12,14,36,11,11,3,10,0,116,"2009","Mujeres"
"Jalisco ",165,1902,2515,2792,3148,3007,8324,1309,2006,733,1527,47,27475,"2009","Mujeres"
"Mexico",31,432,570,547,653,443,1097,220,277,120,238,1,4629,"2009","Mujeres"
"Michoacan",118,1305,1675,1908,2153,1843,4603,792,1150,451,908,4,16910,"2009","Mujeres"
"Morelos ",81,1141,1597,1661,1989,1833,4448,886,1314,482,949,13,16394,"2009","Mujeres"
"Nayarit ",34,471,537,726,826,777,2053,383,495,189,378,126,6995,"2009","Mujeres"
"Nuevo Leon",3,8,9,11,15,18,89,1,6,5,6,0,171,"2009","Mujeres"
"Oaxaca ",17,189,294,325,368,322,867,185,268,119,360,4,3318,"2009","Mujeres"
"Puebla ",26,521,717,840,948,889,2069,496,738,289,755,1,8289,"2009","Mujeres"
"Queretaro",19,115,145,201,200,206,794,111,176,50,79,0,2096,"2009","Mujeres"
"Quintana Roo ",4,8,4,4,6,11,45,8,11,4,3,0,108,"2009","Mujeres"
"San Luis Potosi",2,9,8,17,15,18,61,7,15,6,12,0,170,"2009","Mujeres"
"Sinaloa ",21,277,396,490,568,508,1447,295,435,198,318,3,4956,"2009","Mujeres"
"Sonora ",16,217,236,252,308,257,675,111,211,75,156,133,2647,"2009","Mujeres"
"Tabasco ",0,4,1,0,2,2,9,1,1,2,2,0,24,"2009","Mujeres"
"Tamaulipas ",0,10,18,12,16,16,90,9,11,2,6,0,190,"2009","Mujeres"
"Tlaxcala ",0,5,3,1,4,4,13,2,0,1,2,0,35,"2009","Mujeres"
"Veracruz ",0,12,7,11,13,22,55,13,20,3,6,0,162,"2009","Mujeres"
"Yucatan",0,0,1,3,2,2,7,3,5,1,3,0,27,"2009","Mujeres"
"Zacatecas ",10,127,149,184,231,240,520,108,127,70,149,1,1916,"2009","Mujeres"
"Total",801,10158,13430,15223,17453,15520,40942,7290,10657,4016,8568,382,144440,"2009","Mujeres"
"Aguascalientes ",2,60,88,126,178,126,279,50,65,21,58,0,1053,"2010","Mujeres"
"Baja California ",0,2,1,2,5,12,22,4,4,1,1,0,54,"2010","Mujeres"
"Baja California Sur",0,4,9,2,5,8,16,3,1,0,3,0,51,"2010","Mujeres"
"Campeche ",0,2,6,2,5,8,19,4,1,4,5,0,56,"2010","Mujeres"
"Coahuila ",1,8,10,9,25,27,53,7,11,3,3,0,157,"2010","Mujeres"
"Colima ",32,265,304,425,544,568,1575,274,396,116,273,8,4780,"2010","Mujeres"
"Chiapas ",0,8,12,14,17,15,69,10,22,2,13,0,182,"2010","Mujeres"
"Chihuahua ",2,20,18,28,20,26,59,6,14,6,14,0,213,"2010","Mujeres"
"Distrito Federal ",2,19,19,32,34,35,112,13,20,12,10,0,308,"2010","Mujeres"
"Durango ",31,176,284,322,480,439,1020,194,244,125,202,0,3517,"2010","Mujeres"
"Guanajuato ",74,1092,1458,1848,2168,1841,4709,779,953,351,750,0,16023,"2010","Mujeres"
"Guerrero ",144,1864,2406,2775,2884,2448,6538,1177,1853,688,1502,17,24296,"2010","Mujeres"
"Hidalgo ",1,1,6,10,13,13,37,6,5,2,8,0,102,"2010","Mujeres"
"Jalisco ",148,1742,2290,2655,3025,2778,7611,1250,1927,647,1510,84,25667,"2010","Mujeres"
"Mexico",25,398,468,501,556,464,1074,214,263,104,245,3,4315,"2010","Mujeres"
"Michoacan",104,1252,1532,1798,2080,1808,4513,711,1053,403,852,5,16111,"2010","Mujeres"
"Morelos ",87,1051,1545,1638,1876,1732,4324,893,1266,381,892,37,15722,"2010","Mujeres"
"Nayarit ",37,437,533,649,746,711,1707,355,476,185,319,1,6156,"2010","Mujeres"
"Nuevo Leon",1,8,10,9,9,9,49,6,9,3,3,0,116,"2010","Mujeres"
"Oaxaca ",16,199,270,312,328,338,780,156,261,124,335,3,3122,"2010","Mujeres"
"Puebla ",38,477,727,857,1037,891,2221,448,728,301,792,0,8517,"2010","Mujeres"
"Queretaro",24,121,114,182,285,298,993,174,238,85,129,0,2643,"2010","Mujeres"
"Quintana Roo ",0,5,7,6,13,16,54,8,7,1,0,0,117,"2010","Mujeres"
"San Luis Potosi",1,6,8,8,30,14,51,10,9,5,7,0,149,"2010","Mujeres"
"Sinaloa ",21,299,352,449,571,512,1352,304,476,171,319,1,4827,"2010","Mujeres"
"Sonora ",20,207,224,246,296,267,701,116,226,69,154,2,2528,"2010","Mujeres"
"Tabasco ",0,1,2,4,2,7,12,1,4,2,2,0,37,"2010","Mujeres"
"Tamaulipas ",0,14,9,8,22,29,51,5,20,6,5,0,169,"2010","Mujeres"
"Tlaxcala ",0,1,4,5,4,3,7,2,7,1,1,0,35,"2010","Mujeres"
"Veracruz ",1,9,4,6,11,22,42,10,16,3,11,0,135,"2010","Mujeres"
"Yucatan",0,5,0,3,3,4,17,3,3,1,2,0,41,"2010","Mujeres"
"Zacatecas ",7,144,174,204,248,215,490,106,147,43,166,4,1948,"2010","Mujeres"
"Total",819,9897,12894,15135,17520,15684,40557,7299,10725,3866,8586,165,143147,"2010","Mujeres"
"Aguascalientes ",4,72,89,121,159,128,310,45,78,32,67,0,1105,"2011","Mujeres"
"Baja California ",1,1,12,8,5,6,21,1,6,4,2,0,67,"2011","Mujeres"
"Baja California Sur",0,4,2,5,8,13,26,2,7,1,1,0,69,"2011","Mujeres"
"Campeche ",0,6,2,6,6,9,16,3,8,3,0,0,59,"2011","Mujeres"
"Coahuila ",0,8,7,10,12,17,37,8,7,1,2,0,109,"2011","Mujeres"
"Colima ",32,308,350,486,581,674,1721,271,453,110,272,7,5265,"2011","Mujeres"
"Chiapas ",2,15,8,16,15,25,77,9,19,6,16,0,208,"2011","Mujeres"
"Chihuahua ",8,29,23,27,31,36,68,9,20,6,9,0,266,"2011","Mujeres"
"Distrito Federal ",1,15,21,31,36,29,101,18,17,8,13,1,291,"2011","Mujeres"
"Durango ",19,200,307,378,497,473,1194,243,345,126,251,0,4033,"2011","Mujeres"
"Guanajuato ",69,1184,1535,2005,2152,1917,4707,796,1053,356,765,4,16543,"2011","Mujeres"
"Guerrero ",169,1951,2540,3015,3153,2722,6983,1258,1939,692,1634,10,26066,"2011","Mujeres"
"Hidalgo ",0,9,11,13,18,13,49,7,9,1,9,0,139,"2011","Mujeres"
"Jalisco ",163,1857,2288,2646,3098,2893,7639,1262,1840,678,1352,72,25788,"2011","Mujeres"
"Mexico",35,472,563,603,608,553,1257,226,305,128,278,1,5029,"2011","Mujeres"
"Michoacan",129,1175,1469,1711,2040,1826,4732,803,1090,438,771,1,16185,"2011","Mujeres"
"Morelos ",62,1258,1644,1913,2232,2065,5090,1043,1559,449,1032,42,18389,"2011","Mujeres"
"Nayarit ",40,418,511,636,746,677,1909,323,457,184,382,0,6283,"2011","Mujeres"
"Nuevo Leon",0,6,8,10,13,17,51,8,7,0,3,0,123,"2011","Mujeres"
"Oaxaca ",13,170,273,292,331,313,761,190,273,105,313,3,3037,"2011","Mujeres"
"Puebla ",41,455,715,755,936,864,2086,462,717,294,711,3,8039,"2011","Mujeres"
"Queretaro",23,199,166,231,322,318,1059,186,298,89,161,0,3052,"2011","Mujeres"
"Quintana Roo ",1,8,8,5,13,21,54,9,8,1,6,1,135,"2011","Mujeres"
"San Luis Potosi",1,1,11,9,16,19,48,12,16,2,13,0,148,"2011","Mujeres"
"Sinaloa ",21,297,359,520,620,556,1576,310,483,214,315,12,5283,"2011","Mujeres"
"Sonora ",28,285,298,353,390,353,970,175,292,106,168,2,3420,"2011","Mujeres"
"Tabasco ",1,3,3,1,0,8,11,3,3,2,2,0,37,"2011","Mujeres"
"Tamaulipas ",1,12,16,14,23,16,75,13,20,8,7,0,205,"2011","Mujeres"
"Tlaxcala ",0,0,5,4,1,10,12,0,2,0,4,0,38,"2011","Mujeres"
"Veracruz ",0,5,11,15,13,14,56,8,17,3,10,1,153,"2011","Mujeres"
"Yucatan",0,0,0,5,1,6,19,3,6,1,4,0,45,"2011","Mujeres"
"Zacatecas ",12,113,158,172,227,201,504,105,151,77,157,0,1877,"2011","Mujeres"
"Total",876,10536,13413,16016,18303,16792,43219,7811,11505,4125,8730,160,151486,"2011","Mujeres"
"Aguascalientes ",2,62,96,151,175,142,313,56,94,29,72,0,1192,"2012","Mujeres"
"Baja California ",1,6,3,9,9,9,22,1,5,2,2,0,69,"2012","Mujeres"
"Baja California Sur",1,7,4,6,11,14,34,2,5,3,2,0,89,"2012","Mujeres"
"Campeche ",1,1,0,3,4,7,15,5,4,3,9,0,52,"2012","Mujeres"
"Coahuila ",2,7,6,13,9,22,57,8,5,0,0,0,129,"2012","Mujeres"
"Colima ",20,300,325,403,624,595,1771,237,470,131,301,136,5313,"2012","Mujeres"
"Chiapas ",2,6,5,13,24,24,71,10,19,6,7,0,187,"2012","Mujeres"
"Chihuahua ",5,28,24,26,31,22,85,19,11,7,18,0,276,"2012","Mujeres"
"Distrito Federal ",0,9,19,37,34,25,65,16,24,9,9,0,247,"2012","Mujeres"
"Durango ",29,239,312,417,546,484,1192,255,295,121,219,0,4109,"2012","Mujeres"
"Guanajuato ",103,1341,1879,2234,2220,2165,5787,955,1424,446,944,12,19510,"2012","Mujeres"
"Guerrero ",198,2323,2904,3141,3502,2992,7808,1398,2169,789,1764,14,29002,"2012","Mujeres"
"Hidalgo ",1,7,10,19,12,12,49,10,13,4,11,0,148,"2012","Mujeres"
"Jalisco ",132,1823,2343,2782,2954,3058,8125,1374,2060,693,1367,46,26757,"2012","Mujeres"
"Mexico",49,497,592,694,707,597,1321,227,346,109,294,252,5685,"2012","Mujeres"
"Michoacan",139,1374,1553,1853,2196,2132,4805,926,1222,499,901,3,17603,"2012","Mujeres"
"Morelos ",60,1168,1566,1798,1986,1883,4519,815,1264,404,840,10,16313,"2012","Mujeres"
"Nayarit ",57,467,651,718,916,811,2071,399,561,222,406,2,7281,"2012","Mujeres"
"Nuevo Leon",1,5,7,7,13,21,48,9,16,5,7,0,139,"2012","Mujeres"
"Oaxaca ",12,185,239,278,366,294,808,215,264,112,317,2,3092,"2012","Mujeres"
"Puebla ",38,467,678,780,944,946,2063,462,663,299,722,6,8068,"2012","Mujeres"
"Queretaro",7,148,175,216,304,330,1090,179,278,81,163,0,2971,"2012","Mujeres"
"Quintana Roo ",1,3,5,4,6,12,16,6,5,0,2,2,62,"2012","Mujeres"
"San Luis Potosi",0,11,12,20,23,34,71,14,21,7,24,0,237,"2012","Mujeres"
"Sinaloa ",25,334,424,472,589,636,1741,325,543,224,398,5,5716,"2012","Mujeres"
"Sonora ",31,278,349,372,416,391,1048,184,345,105,203,2,3724,"2012","Mujeres"
"Tabasco ",0,4,3,2,1,11,20,1,7,1,0,0,50,"2012","Mujeres"
"Tamaulipas ",4,25,25,18,29,35,107,22,26,7,24,1,323,"2012","Mujeres"
"Tlaxcala ",0,2,1,3,2,7,11,1,4,2,3,0,36,"2012","Mujeres"
"Veracruz ",0,11,9,8,20,17,40,10,26,5,13,0,159,"2012","Mujeres"
"Yucatan",0,2,2,4,1,5,15,1,2,2,2,0,36,"2012","Mujeres"
"Zacatecas ",5,114,157,181,200,201,494,108,162,75,176,3,1876,"2012","Mujeres"
"Total",926,11254,14378,16682,18874,17934,45682,8250,12353,4402,9220,496,160451,"2012","Mujeres"
"Aguascalientes ",9,64,92,104,140,128,253,67,89,33,61,0,1040,"2013","Mujeres"
"Baja California ",2,10,11,3,5,13,35,2,5,2,1,0,89,"2013","Mujeres"
"Baja California Sur",1,2,3,5,4,8,7,2,4,1,0,0,37,"2013","Mujeres"
"Campeche ",0,0,2,2,4,6,16,3,5,4,4,0,46,"2013","Mujeres"
"Coahuila ",0,7,9,11,10,20,51,2,7,2,6,0,125,"2013","Mujeres"
"Colima ",22,257,371,466,592,613,1706,286,443,121,265,2,5144,"2013","Mujeres"
"Chiapas ",0,6,13,16,13,17,76,17,35,4,16,0,213,"2013","Mujeres"
"Chihuahua ",6,25,13,23,25,24,62,15,13,4,6,0,216,"2013","Mujeres"
"Distrito Federal ",3,15,31,28,30,42,91,22,24,4,7,0,297,"2013","Mujeres"
"Durango ",37,291,356,499,568,565,1484,280,371,173,334,0,4958,"2013","Mujeres"
"Guanajuato ",104,1228,1716,2122,2035,1976,5481,872,1350,438,973,9,18304,"2013","Mujeres"
"Guerrero ",169,2302,2900,3306,3571,3221,8307,1633,2388,828,1984,18,30627,"2013","Mujeres"
"Hidalgo ",0,6,17,9,17,21,43,7,10,6,6,0,142,"2013","Mujeres"
"Jalisco ",153,1921,2230,2689,2983,2972,8077,1372,2135,705,1502,30,26769,"2013","Mujeres"
"Mexico",29,560,642,665,667,659,1520,268,417,158,345,128,6058,"2013","Mujeres"
"Michoacan",104,1432,1620,1927,2103,2181,5138,955,1316,469,931,61,18237,"2013","Mujeres"
"Morelos ",38,1071,1498,1705,1968,1901,4707,877,1348,481,942,26,16562,"2013","Mujeres"
"Nayarit ",127,560,590,740,740,865,2076,486,601,249,464,52,7550,"2013","Mujeres"
"Nuevo Leon",1,6,7,9,10,10,47,7,4,2,8,0,111,"2013","Mujeres"
"Oaxaca ",13,187,255,285,320,341,862,206,319,127,315,4,3234,"2013","Mujeres"
"Puebla ",32,451,508,679,849,755,1823,402,598,277,627,2,7003,"2013","Mujeres"
"Queretaro",8,119,145,201,316,370,1207,186,301,95,189,0,3137,"2013","Mujeres"
"Quintana Roo ",1,6,1,2,9,10,25,5,11,1,3,1,75,"2013","Mujeres"
"San Luis Potosi",2,10,14,11,24,34,68,14,28,13,19,0,237,"2013","Mujeres"
"Sinaloa ",31,356,372,531,596,669,1724,349,572,186,367,5,5758,"2013","Mujeres"
"Sonora ",32,278,314,344,406,353,988,173,338,101,195,3,3525,"2013","Mujeres"
"Tabasco ",0,2,3,1,2,3,8,0,2,1,0,0,22,"2013","Mujeres"
"Tamaulipas ",0,20,20,30,35,27,99,16,25,7,19,1,299,"2013","Mujeres"
"Tlaxcala ",0,1,3,0,2,4,8,5,4,1,1,0,29,"2013","Mujeres"
"Veracruz ",2,6,3,4,9,18,58,8,15,6,8,0,137,"2013","Mujeres"
"Yucatan",0,2,1,1,6,2,6,1,4,3,2,0,28,"2013","Mujeres"
"Zacatecas ",11,120,160,224,249,237,562,131,168,80,178,0,2120,"2013","Mujeres"
"Total",937,11321,13920,16642,18308,18065,46615,8669,12950,4582,9778,342,162129,"2013","Mujeres"
